trip_id,city,route_id,start_time,end_time,passengers,distance_km
1,Lima,R101,2026-05-29T18:39:00Z,2026-05-29T19:16:00Z,20,11.4
2,Lima,R101,2026-05-29T16:04:00Z,2026-05-29T16:51:00Z,7,-1.0
3,Arequipa,R303,2026-05-29T16:16:00Z,2026-05-29T16:37:00Z,40,9.5
4,Chiclayo,R502,2026-05-29T09:45:00Z,2026-05-29T10:33:00Z,42,12.8
5,Lima,R102,2026-05-29T17:54:00Z,2026-05-29T18:41:00Z,26,8.2
6,Arequipa,R302,2026-05-29T07:44:00Z,2026-05-29T08:09:00Z,29,14.2
7,Cusco,R203,2026-05-29T10:30:00Z,2026-05-29T11:41:00Z,7,18.2
8,Chiclayo,R501,2026-05-29T12:27:00Z,2026-05-29T12:52:00Z,40,9.3
9,Chiclayo,R502,2026-05-29T15:51:00Z,2026-05-29T16:23:00Z,50,12.8
10,Arequipa,R302,2026-05-29T07:21:00Z,2026-05-29T08:35:00Z,19,14.2
11,Trujillo,R402,2026-05-29T13:44:00Z,2026-05-29T14:44:00Z,58,8.7
12,Cusco,R202,2026-05-29T09:34:00Z,2026-05-29T10:36:00Z,22,10.5
13,Lima,R102,2026-05-29T15:06:00Z,2026-05-29T16:12:00Z,20,8.2
14,Trujillo,R402,2026-05-29T16:55:00Z,2026-05-29T17:59:00Z,40,8.7
15,Cusco,R201,2026-05-29T09:54:00Z,2026-05-29T11:06:00Z,7,15.3
16,Trujillo,R402,2026-05-29T07:07:00Z,2026-05-29T07:40:00Z,41,8.7
17,Cusco,R201,2026-05-29T17:11:00Z,2026-05-29T18:02:00Z,30,15.3
18,Trujillo,R401,2026-05-29T10:31:00Z,2026-05-29T10:59:00Z,20,11.0
19,Chiclayo,R502,2026-05-29T18:44:00Z,2026-05-29T19:41:00Z,32,12.8
20,Trujillo,R402,2026-05-29T09:44:00Z,2026-05-29T10:12:00Z,37,8.7
21,Lima,R101,2026-05-29T08:36:00Z,2026-05-29T09:36:00Z,15,11.4
22,Trujillo,R401,2026-05-29T12:34:00Z,2026-05-29T13:18:00Z,43,11.0
23,Chiclayo,R502,2026-05-29T15:26:00Z,2026-05-29T16:41:00Z,5,12.8
24,Lima,R103,2026-05-29T19:07:00Z,2026-05-29T20:08:00Z,26,15.3
25,Trujillo,R401,2026-05-29T13:44:00Z,2026-05-29T14:04:00Z,51,11.0
26,Cusco,R203,2026-05-29T19:00:00Z,2026-05-29T19:31:00Z,37,18.2
27,Cusco,R203,2026-05-29T14:39:00Z,2026-05-29T15:37:00Z,17,18.2
28,Arequipa,R303,2026-05-29T19:17:00Z,2026-05-29T20:10:00Z,5,9.5
29,Trujillo,R401,2026-05-29T07:54:00Z,2026-05-29T08:37:00Z,58,11.0
30,Arequipa,R301,2026-05-29T10:06:00Z,2026-05-29T11:02:00Z,10,12.1
31,Trujillo,R401,2026-05-29T18:58:00Z,2026-05-29T19:52:00Z,54,11.0
32,Trujillo,R401,2026-05-29T10:31:00Z,2026-05-29T11:24:00Z,60,11.0
33,Arequipa,R303,2026-05-29T18:53:00Z,2026-05-29T19:59:00Z,49,9.5
34,Cusco,R202,2026-05-29T17:27:00Z,2026-05-29T18:28:00Z,28,10.5
35,Chiclayo,R502,2026-05-29T08:03:00Z,2026-05-29T08:38:00Z,19,12.8
36,Lima,R102,2026-05-29T16:02:00Z,2026-05-29T16:36:00Z,5,8.2
37,Lima,R102,2026-05-29T07:09:00Z,2026-05-29T07:31:00Z,60,8.2
38,Chiclayo,R501,2026-05-29T10:45:00Z,2026-05-29T11:47:00Z,36,9.3
39,Arequipa,R303,2026-05-29T15:44:00Z,2026-05-29T16:40:00Z,35,9.5
40,Trujillo,R402,2026-05-29T09:14:00Z,2026-05-29T09:40:00Z,11,8.7
41,Cusco,R202,2026-05-29T13:00:00Z,2026-05-29T13:49:00Z,60,10.5
42,Lima,R101,2026-05-29T12:52:00Z,2026-05-29T13:58:00Z,26,11.4
43,Lima,R102,2026-05-29T09:16:00Z,2026-05-29T09:48:00Z,39,8.2
44,Trujillo,R401,2026-05-29T10:45:00Z,2026-05-29T11:34:00Z,20,11.0
45,Lima,R104,2026-05-29T19:47:00Z,2026-05-29T21:02:00Z,59,6.8
46,Lima,R101,2026-05-29T07:35:00Z,2026-05-29T08:43:00Z,59,11.4
47,Trujillo,R402,2026-05-29T14:12:00Z,2026-05-29T14:45:00Z,60,8.7
48,Lima,R102,2026-05-29T12:28:00Z,2026-05-29T12:48:00Z,29,8.2
49,Trujillo,R402,2026-05-29T13:13:00Z,2026-05-29T14:17:00Z,51,8.7
50,Chiclayo,R502,2026-05-29T08:38:00Z,2026-05-29T09:10:00Z,23,12.8
51,Lima,R101,2026-05-29T18:45:00Z,2026-05-29T19:25:00Z,8,11.4
52,Trujillo,R401,2026-05-29T06:58:00Z,2026-05-29T07:50:00Z,10,11.0
53,Lima,R101,2026-05-29T17:31:00Z,2026-05-29T18:46:00Z,20,11.4
54,Chiclayo,R501,2026-05-29T15:52:00Z,2026-05-29T16:50:00Z,7,9.3
55,Trujillo,R402,2026-05-29T10:27:00Z,2026-05-29T11:00:00Z,47,8.7
56,Arequipa,R302,2026-05-29T12:45:00Z,2026-05-29T13:13:00Z,47,14.2
57,Trujillo,R402,2026-05-29T18:49:00Z,2026-05-29T19:13:00Z,5,8.7
58,Chiclayo,R501,2026-05-29T07:15:00Z,2026-05-29T08:09:00Z,18,9.3
59,Arequipa,R302,2026-05-29T07:10:00Z,2026-05-29T07:45:00Z,28,14.2
60,Trujillo,R402,2026-05-29T16:26:00Z,2026-05-29T17:37:00Z,46,8.7
61,Chiclayo,R502,2026-05-29T17:19:00Z,2026-05-29T17:45:00Z,13,12.8
62,Lima,R102,2026-05-29T10:38:00Z,2026-05-29T11:16:00Z,43,8.2
63,Cusco,R201,2026-05-29T17:43:00Z,2026-05-29T18:43:00Z,59,15.3
64,Trujillo,R402,2026-05-29T06:52:00Z,2026-05-29T07:17:00Z,45,8.7
65,Cusco,R201,2026-05-29T06:03:00Z,2026-05-29T06:44:00Z,54,15.3
66,Cusco,R201,2026-05-29T18:39:00Z,2026-05-29T19:27:00Z,40,15.3
67,Chiclayo,R501,2026-05-29T07:54:00Z,2026-05-29T08:18:00Z,49,9.3
68,Chiclayo,R501,2026-05-29T12:18:00Z,2026-05-29T13:15:00Z,40,9.3
69,Arequipa,R301,2026-05-29T11:15:00Z,2026-05-29T11:58:00Z,55,12.1
70,Lima,R103,2026-05-29T09:35:00Z,2026-05-29T10:38:00Z,20,15.3
71,Cusco,R203,2026-05-29T12:56:00Z,2026-05-29T13:55:00Z,52,18.2
72,Arequipa,R301,2026-05-29T19:39:00Z,2026-05-29T20:50:00Z,16,12.1
73,Lima,R102,2026-05-29T18:34:00Z,2026-05-29T19:15:00Z,55,8.2
74,Arequipa,R302,2026-05-29T08:43:00Z,2026-05-29T09:53:00Z,49,14.2
75,Lima,R104,2026-05-29T09:47:00Z,2026-05-29T10:19:00Z,57,6.8
76,Cusco,R202,2026-05-29T20:00:00Z,2026-05-29T21:10:00Z,60,10.5
77,Lima,R102,2026-05-29T12:48:00Z,2026-05-29T13:29:00Z,22,8.2
78,Cusco,R202,2026-05-29T16:56:00Z,2026-05-29T17:48:00Z,30,10.5
79,Chiclayo,R502,2026-05-29T06:28:00Z,2026-05-29T06:55:00Z,21,12.8
80,Cusco,R201,2026-05-29T07:51:00Z,2026-05-29T08:49:00Z,32,15.3
81,Cusco,R202,2026-05-29T16:20:00Z,2026-05-29T17:12:00Z,12,10.5
82,Chiclayo,R501,2026-05-29T10:20:00Z,2026-05-29T10:42:00Z,50,9.3
83,Chiclayo,R501,2026-05-29T12:12:00Z,2026-05-29T12:59:00Z,9,9.3
84,Cusco,R203,2026-05-29T11:21:00Z,2026-05-29T12:23:00Z,59,18.2
85,Cusco,R203,2026-05-29T11:16:00Z,2026-05-29T12:18:00Z,31,18.2
86,Cusco,R203,2026-05-29T08:10:00Z,2026-05-29T08:42:00Z,31,18.2
87,Trujillo,R401,2026-05-29T16:30:00Z,2026-05-29T17:26:00Z,24,11.0
88,Lima,R103,2026-05-29T10:53:00Z,2026-05-29T11:26:00Z,32,15.3
89,Chiclayo,R502,2026-05-29T13:56:00Z,2026-05-29T14:44:00Z,33,12.8
90,Chiclayo,R502,2026-05-29T19:32:00Z,2026-05-29T20:42:00Z,52,12.8
91,Lima,R103,2026-05-29T14:47:00Z,2026-05-29T15:49:00Z,45,15.3
92,Lima,R102,2026-05-29T17:28:00Z,2026-05-29T18:07:00Z,19,8.2
93,Arequipa,R301,2026-05-29T06:47:00Z,2026-05-29T07:22:00Z,35,12.1
94,Lima,R104,2026-05-29T13:04:00Z,2026-05-29T14:04:00Z,41,6.8
95,Trujillo,R402,2026-05-29T12:49:00Z,2026-05-29T13:24:00Z,14,8.7
96,Lima,R101,2026-05-29T19:17:00Z,2026-05-29T20:04:00Z,19,11.4
97,Chiclayo,R502,2026-05-29T06:51:00Z,2026-05-29T07:46:00Z,20,12.8
98,Lima,R104,2026-05-29T08:16:00Z,2026-05-29T09:27:00Z,34,6.8
99,Chiclayo,R502,2026-05-29T18:53:00Z,2026-05-29T19:41:00Z,44,12.8
100,Chiclayo,R502,2026-05-29T15:21:00Z,2026-05-29T16:09:00Z,15,12.8
101,Trujillo,R402,2026-05-29T10:25:00Z,2026-05-29T11:33:00Z,20,8.7
102,Cusco,R203,2026-05-29T14:16:00Z,2026-05-29T15:16:00Z,20,18.2
103,Lima,R103,2026-05-29T10:00:00Z,2026-05-29T10:37:00Z,26,15.3
104,Chiclayo,R501,2026-05-29T08:21:00Z,2026-05-29T08:50:00Z,19,9.3
105,Arequipa,R303,2026-05-29T09:39:00Z,2026-05-29T10:03:00Z,31,9.5
106,Chiclayo,R502,2026-05-29T13:05:00Z,2026-05-29T13:28:00Z,18,12.8
107,Trujillo,R401,2026-05-29T19:03:00Z,2026-05-29T19:59:00Z,29,11.0
108,Cusco,R202,2026-05-29T18:51:00Z,2026-05-29T19:35:00Z,59,10.5
109,Trujillo,R401,2026-05-29T14:19:00Z,2026-05-29T14:53:00Z,22,11.0
110,Lima,R104,2026-05-29T11:44:00Z,2026-05-29T12:46:00Z,48,6.8
111,Arequipa,R302,2026-05-29T08:10:00Z,2026-05-29T09:09:00Z,-5,14.2
112,Chiclayo,R501,2026-05-29T07:25:00Z,2026-05-29T08:26:00Z,32,9.3
113,Trujillo,R401,2026-05-29T06:51:00Z,2026-05-29T07:27:00Z,29,11.0
114,Trujillo,R402,2026-05-29T11:45:00Z,2026-05-29T12:53:00Z,29,8.7
115,Trujillo,R402,2026-05-29T07:23:00Z,2026-05-29T08:13:00Z,6,8.7
116,Lima,R103,2026-05-29T09:49:00Z,2026-05-29T10:50:00Z,9,15.3
117,Lima,R101,2026-05-29T10:13:00Z,2026-05-29T10:45:00Z,58,-1.0
118,Arequipa,R301,2026-05-29T14:04:00Z,2026-05-29T15:06:00Z,12,12.1
119,Arequipa,R302,2026-05-29T17:56:00Z,2026-05-29T18:32:00Z,54,14.2
120,Chiclayo,R501,2026-05-29T19:16:00Z,2026-05-29T20:28:00Z,15,9.3
121,Lima,R101,2026-05-29T11:19:00Z,2026-05-29T12:15:00Z,48,11.4
122,Trujillo,R402,2026-05-29T18:12:00Z,2026-05-29T18:44:00Z,9,8.7
123,Arequipa,R301,2026-05-29T17:53:00Z,2026-05-29T19:02:00Z,24,12.1
124,Chiclayo,,2026-05-29T19:35:00Z,2026-05-29T20:31:00Z,55,9.3
125,Trujillo,R402,2026-05-29T07:10:00Z,2026-05-29T08:02:00Z,46,8.7
126,Trujillo,R402,2026-05-29T07:48:00Z,2026-05-29T08:35:00Z,28,8.7
127,Trujillo,R401,2026-05-29T13:25:00Z,2026-05-29T13:56:00Z,51,11.0
128,Cusco,R203,2026-05-29T19:47:00Z,2026-05-29T20:41:00Z,54,18.2
129,Trujillo,R402,2026-05-29T11:30:00Z,2026-05-29T12:44:00Z,20,8.7
130,Lima,R103,2026-05-29T13:41:00Z,2026-05-29T14:16:00Z,53,15.3
131,Chiclayo,R502,2026-05-29T11:44:00Z,2026-05-29T12:05:00Z,36,12.8
132,Arequipa,R302,2026-05-29T09:37:00Z,2026-05-29T10:19:00Z,56,14.2
133,Cusco,R203,2026-05-29T17:58:00Z,2026-05-29T18:35:00Z,40,-1.0
134,Lima,R102,2026-05-29T18:17:00Z,2026-05-29T19:03:00Z,36,8.2
135,Arequipa,R303,2026-05-29T14:07:00Z,2026-05-29T15:08:00Z,50,9.5
136,Lima,R101,2026-05-29T11:01:00Z,2026-05-29T11:35:00Z,30,11.4
137,Cusco,R203,2026-05-29T15:55:00Z,2026-05-29T16:38:00Z,35,18.2
138,Cusco,R202,2026-05-29T18:43:00Z,2026-05-29T19:38:00Z,26,10.5
139,Trujillo,R402,2026-05-29T11:13:00Z,2026-05-29T11:49:00Z,19,8.7
140,Arequipa,R302,2026-05-29T08:02:00Z,2026-05-29T09:09:00Z,39,14.2
141,Arequipa,R301,2026-05-29T09:41:00Z,2026-05-29T10:48:00Z,35,12.1
142,Chiclayo,R502,2026-05-29T07:42:00Z,2026-05-29T08:55:00Z,17,12.8
143,Cusco,R201,2026-05-29T11:09:00Z,2026-05-29T11:29:00Z,50,15.3
144,Cusco,R201,2026-05-29T06:55:00Z,2026-05-29T07:50:00Z,23,15.3
145,Arequipa,R303,2026-05-29T18:50:00Z,2026-05-29T19:41:00Z,11,9.5
146,Chiclayo,R502,2026-05-29T14:00:00Z,2026-05-29T14:50:00Z,33,12.8
147,Lima,R103,2026-05-29T14:09:00Z,2026-05-29T14:36:00Z,57,15.3
148,Trujillo,R401,2026-05-29T15:50:00Z,2026-05-29T16:50:00Z,48,11.0
149,Arequipa,R303,2026-05-29T11:11:00Z,2026-05-29T11:36:00Z,20,9.5
150,Trujillo,R401,2026-05-29T19:14:00Z,2026-05-29T20:07:00Z,29,11.0
151,Trujillo,R402,2026-05-29T16:02:00Z,2026-05-29T16:49:00Z,24,8.7
152,Lima,R101,2026-05-29T19:01:00Z,2026-05-29T19:34:00Z,45,11.4
153,Lima,R102,2026-05-29T10:05:00Z,2026-05-29T10:36:00Z,40,8.2
154,Lima,R104,2026-05-29T13:41:00Z,2026-05-29T14:45:00Z,43,6.8
155,Lima,R102,2026-05-29T10:55:00Z,2026-05-29T12:00:00Z,23,8.2
156,Trujillo,R401,2026-05-29T17:43:00Z,2026-05-29T18:17:00Z,21,11.0
157,Chiclayo,R501,2026-05-29T13:15:00Z,2026-05-29T13:42:00Z,39,9.3
158,Arequipa,R302,2026-05-29T08:25:00Z,2026-05-29T08:49:00Z,8,14.2
159,Cusco,R203,2026-05-29T18:46:00Z,2026-05-29T19:58:00Z,41,18.2
160,Trujillo,R401,2026-05-29T13:59:00Z,2026-05-29T15:03:00Z,24,11.0
161,Cusco,R203,2026-05-29T15:12:00Z,2026-05-29T16:03:00Z,33,18.2
162,Lima,R104,2026-05-29T18:32:00Z,2026-05-29T19:12:00Z,43,6.8
163,Lima,R102,2026-05-29T17:30:00Z,2026-05-29T18:43:00Z,60,8.2
164,Lima,R103,2026-05-29T15:50:00Z,2026-05-29T16:12:00Z,53,15.3
165,Trujillo,R402,2026-05-29T10:44:00Z,2026-05-29T11:15:00Z,42,8.7
166,Trujillo,R401,2026-05-29T14:01:00Z,2026-05-29T14:43:00Z,31,11.0
167,Lima,R102,2026-05-29T11:37:00Z,2026-05-29T12:23:00Z,49,8.2
168,Trujillo,R401,2026-05-29T13:45:00Z,2026-05-29T14:10:00Z,25,11.0
169,Lima,R104,2026-05-29T14:46:00Z,2026-05-29T15:58:00Z,5,6.8
170,Chiclayo,R502,2026-05-29T13:03:00Z,2026-05-29T13:26:00Z,17,12.8
171,Chiclayo,R502,2026-05-29T16:40:00Z,2026-05-29T17:28:00Z,53,12.8
172,Cusco,R203,2026-05-29T08:14:00Z,2026-05-29T08:52:00Z,33,18.2
173,Trujillo,R401,2026-05-29T06:29:00Z,2026-05-29T07:29:00Z,43,11.0
174,Arequipa,R302,2026-05-29T15:24:00Z,2026-05-29T15:44:00Z,40,14.2
175,Arequipa,R301,2026-05-29T13:52:00Z,2026-05-29T14:19:00Z,46,12.1
176,Trujillo,R402,2026-05-29T14:41:00Z,2026-05-29T15:46:00Z,22,8.7
177,Trujillo,R402,2026-05-29T10:09:00Z,2026-05-29T10:58:00Z,40,8.7
178,Arequipa,R303,2026-05-29T14:40:00Z,2026-05-29T15:47:00Z,13,9.5
179,Cusco,R202,2026-05-29T11:48:00Z,2026-05-29T12:58:00Z,37,10.5
180,Lima,R103,2026-05-29T18:23:00Z,2026-05-29T19:02:00Z,58,15.3
181,Trujillo,R401,2026-05-29T13:37:00Z,2026-05-29T14:31:00Z,35,11.0
182,Chiclayo,R502,2026-05-29T13:46:00Z,2026-05-29T14:26:00Z,60,12.8
183,Arequipa,R303,2026-05-29T12:32:00Z,2026-05-29T13:06:00Z,59,9.5
184,Lima,R103,2026-05-29T18:42:00Z,2026-05-29T19:32:00Z,50,15.3
185,Trujillo,R402,2026-05-29T17:19:00Z,2026-05-29T18:29:00Z,57,8.7
186,Arequipa,R302,2026-05-29T06:37:00Z,2026-05-29T07:05:00Z,37,14.2
187,Cusco,R201,2026-05-29T13:30:00Z,2026-05-29T13:56:00Z,38,15.3
188,Lima,R102,2026-05-29T12:59:00Z,2026-05-29T14:14:00Z,46,8.2
189,Lima,R104,2026-05-29T19:20:00Z,2026-05-29T19:56:00Z,26,6.8
190,Trujillo,R401,2026-05-29T11:36:00Z,2026-05-29T12:50:00Z,48,11.0
191,Trujillo,R402,2026-05-29T16:41:00Z,2026-05-29T17:46:00Z,53,8.7
192,Chiclayo,R501,2026-05-29T16:32:00Z,2026-05-29T16:56:00Z,20,9.3
193,Cusco,R201,2026-05-29T18:44:00Z,2026-05-29T19:09:00Z,32,15.3
194,Lima,R104,2026-05-29T08:50:00Z,2026-05-29T09:54:00Z,24,6.8
195,Lima,R103,2026-05-29T19:35:00Z,2026-05-29T19:58:00Z,23,15.3
196,Trujillo,R401,2026-05-29T10:10:00Z,2026-05-29T11:03:00Z,31,11.0
197,Arequipa,R301,2026-05-29T08:59:00Z,2026-05-29T09:24:00Z,44,12.1
198,Chiclayo,R501,2026-05-29T14:29:00Z,2026-05-29T15:26:00Z,14,9.3
199,Cusco,R202,2026-05-29T10:21:00Z,2026-05-29T11:23:00Z,5,10.5
200,Trujillo,R402,2026-05-29T17:33:00Z,2026-05-29T18:27:00Z,15,8.7
201,Cusco,R203,2026-05-29T11:06:00Z,2026-05-29T12:06:00Z,32,18.2
202,Trujillo,R402,2026-05-29T09:23:00Z,2026-05-29T10:07:00Z,59,8.7
203,Arequipa,R302,2026-05-29T15:45:00Z,2026-05-29T16:27:00Z,41,14.2
204,Cusco,,2026-05-29T17:14:00Z,2026-05-29T17:59:00Z,22,15.3
205,Lima,R104,2026-05-29T10:53:00Z,2026-05-29T12:02:00Z,56,6.8
206,Cusco,R201,2026-05-29T16:51:00Z,2026-05-29T17:23:00Z,44,15.3
207,Arequipa,R303,2026-05-29T07:39:00Z,2026-05-29T08:39:00Z,-5,9.5
208,Lima,R103,2026-05-29T18:29:00Z,2026-05-29T18:57:00Z,10,15.3
209,Cusco,R203,2026-05-29T13:05:00Z,2026-05-29T13:36:00Z,17,18.2
210,Chiclayo,R502,2026-05-29T15:03:00Z,2026-05-29T15:55:00Z,22,12.8
211,Cusco,R202,2026-05-29T19:45:00Z,2026-05-29T20:23:00Z,52,10.5
212,Lima,R104,2026-05-29T07:17:00Z,2026-05-29T07:46:00Z,53,6.8
213,Trujillo,,2026-05-29T07:32:00Z,2026-05-29T08:42:00Z,30,8.7
214,Lima,R104,2026-05-29T12:17:00Z,2026-05-29T13:20:00Z,52,6.8
215,Chiclayo,R502,2026-05-29T16:53:00Z,2026-05-29T17:36:00Z,11,12.8
216,Trujillo,R401,2026-05-29T16:34:00Z,2026-05-29T17:29:00Z,25,11.0
217,Arequipa,R303,2026-05-29T07:04:00Z,2026-05-29T08:04:00Z,57,9.5
218,Cusco,R203,2026-05-29T12:58:00Z,2026-05-29T13:25:00Z,13,-1.0
219,Cusco,R202,2026-05-29T07:58:00Z,2026-05-29T08:24:00Z,20,10.5
220,Arequipa,R302,2026-05-29T13:44:00Z,2026-05-29T14:27:00Z,47,14.2
221,Chiclayo,R502,2026-05-29T16:01:00Z,2026-05-29T17:08:00Z,51,12.8
222,Trujillo,R401,2026-05-29T14:21:00Z,2026-05-29T15:20:00Z,31,11.0
223,Cusco,R201,2026-05-29T17:46:00Z,2026-05-29T18:29:00Z,18,15.3
224,Arequipa,R302,2026-05-29T07:41:00Z,2026-05-29T08:44:00Z,28,14.2
225,Cusco,R201,2026-05-29T12:47:00Z,2026-05-29T13:24:00Z,17,15.3
226,Trujillo,R401,2026-05-29T17:18:00Z,2026-05-29T17:51:00Z,46,11.0
227,Lima,R101,2026-05-29T19:25:00Z,2026-05-29T20:06:00Z,20,11.4
228,Chiclayo,R501,2026-05-29T07:10:00Z,2026-05-29T08:23:00Z,53,9.3
229,Chiclayo,R501,2026-05-29T19:52:00Z,2026-05-29T21:07:00Z,19,9.3
230,Arequipa,R303,2026-05-29T06:02:00Z,2026-05-29T06:39:00Z,59,9.5
231,Arequipa,R303,2026-05-29T10:16:00Z,2026-05-29T11:27:00Z,16,9.5
232,Lima,R102,2026-05-29T06:15:00Z,2026-05-29T06:57:00Z,55,8.2
233,Chiclayo,R502,2026-05-29T06:16:00Z,2026-05-29T06:47:00Z,21,12.8
234,Trujillo,R401,2026-05-29T18:43:00Z,2026-05-29T19:07:00Z,35,11.0
235,Cusco,R203,2026-05-29T16:07:00Z,2026-05-29T16:33:00Z,33,18.2
236,Chiclayo,R501,2026-05-29T18:24:00Z,2026-05-29T19:34:00Z,60,9.3
237,Cusco,R202,2026-05-29T16:58:00Z,2026-05-29T17:19:00Z,8,10.5
238,Trujillo,R402,2026-05-29T17:42:00Z,2026-05-29T18:08:00Z,36,8.7
239,Trujillo,R401,2026-05-29T07:22:00Z,2026-05-29T08:02:00Z,43,11.0
240,Arequipa,R302,2026-05-29T16:39:00Z,2026-05-29T17:39:00Z,42,14.2
241,Cusco,R202,2026-05-29T16:11:00Z,2026-05-29T17:04:00Z,23,10.5
242,Chiclayo,R502,2026-05-29T07:41:00Z,2026-05-29T08:51:00Z,49,12.8
243,Chiclayo,R501,2026-05-29T13:20:00Z,2026-05-29T14:08:00Z,19,9.3
244,Trujillo,R402,2026-05-29T13:05:00Z,2026-05-29T14:11:00Z,11,8.7
245,Cusco,R203,2026-05-29T10:21:00Z,2026-05-29T11:04:00Z,14,18.2
246,Trujillo,R401,2026-05-29T07:33:00Z,2026-05-29T08:46:00Z,10,11.0
247,Lima,R103,2026-05-29T19:51:00Z,2026-05-29T20:19:00Z,40,15.3
248,Chiclayo,R502,2026-05-29T17:26:00Z,2026-05-29T17:53:00Z,31,12.8
249,Trujillo,R401,2026-05-29T10:54:00Z,2026-05-29T11:52:00Z,24,11.0
250,Chiclayo,R501,2026-05-29T08:38:00Z,2026-05-29T09:40:00Z,35,9.3
251,Lima,R103,2026-05-29T15:29:00Z,2026-05-29T16:12:00Z,12,15.3
252,Chiclayo,R501,2026-05-29T19:46:00Z,2026-05-29T20:33:00Z,59,9.3
253,Chiclayo,R501,2026-05-29T16:23:00Z,2026-05-29T17:25:00Z,58,9.3
254,Lima,R102,2026-05-29T10:39:00Z,2026-05-29T11:43:00Z,53,8.2
255,Cusco,R202,2026-05-29T06:06:00Z,2026-05-29T06:37:00Z,60,10.5
256,Trujillo,R401,2026-05-29T08:25:00Z,2026-05-29T09:32:00Z,45,11.0
257,Lima,R102,2026-05-29T12:25:00Z,2026-05-29T13:11:00Z,34,8.2
258,Cusco,R202,2026-05-29T18:18:00Z,2026-05-29T18:58:00Z,54,10.5
259,Chiclayo,R501,2026-05-29T06:53:00Z,2026-05-29T07:22:00Z,15,9.3
260,Lima,R101,2026-05-29T10:38:00Z,2026-05-29T11:26:00Z,47,11.4
261,Chiclayo,R502,2026-05-29T13:04:00Z,2026-05-29T13:41:00Z,18,12.8
262,Lima,R103,2026-05-29T13:20:00Z,2026-05-29T13:47:00Z,23,15.3
263,Chiclayo,R502,2026-05-29T14:59:00Z,2026-05-29T16:01:00Z,-5,12.8
264,Chiclayo,R501,2026-05-29T06:07:00Z,2026-05-29T06:40:00Z,24,9.3
265,Arequipa,,2026-05-29T10:56:00Z,2026-05-29T11:36:00Z,12,14.2
266,Trujillo,R401,2026-05-29T08:12:00Z,2026-05-29T08:56:00Z,39,11.0
267,Chiclayo,R502,2026-05-29T07:13:00Z,2026-05-29T07:58:00Z,60,12.8
268,Trujillo,R401,2026-05-29T13:50:00Z,2026-05-29T14:14:00Z,60,11.0
269,Trujillo,R402,2026-05-29T18:06:00Z,2026-05-29T19:06:00Z,31,8.7
270,Trujillo,R401,2026-05-29T11:32:00Z,2026-05-29T12:02:00Z,56,11.0
271,Trujillo,R402,2026-05-29T07:30:00Z,2026-05-29T08:17:00Z,59,8.7
272,Trujillo,R402,2026-05-29T14:56:00Z,2026-05-29T15:21:00Z,30,8.7
273,Cusco,R201,2026-05-29T11:41:00Z,2026-05-29T12:50:00Z,15,15.3
274,Lima,R102,2026-05-29T19:14:00Z,2026-05-29T19:56:00Z,27,8.2
275,Arequipa,R301,2026-05-29T07:45:00Z,2026-05-29T08:14:00Z,21,12.1
276,Chiclayo,R501,2026-05-29T18:58:00Z,2026-05-29T20:06:00Z,46,9.3
277,Trujillo,R402,2026-05-29T18:52:00Z,2026-05-29T19:48:00Z,53,8.7
278,Chiclayo,R502,2026-05-29T16:42:00Z,2026-05-29T17:22:00Z,14,12.8
279,Trujillo,R402,2026-05-29T16:46:00Z,2026-05-29T17:25:00Z,55,8.7
280,Lima,R103,2026-05-29T14:39:00Z,2026-05-29T15:03:00Z,24,15.3
281,Lima,R101,2026-05-29T12:17:00Z,2026-05-29T13:30:00Z,23,11.4
282,Lima,R104,2026-05-29T13:53:00Z,2026-05-29T14:50:00Z,40,6.8
283,Lima,R104,2026-05-29T19:49:00Z,2026-05-29T20:45:00Z,46,6.8
284,Chiclayo,R502,2026-05-29T14:33:00Z,2026-05-29T15:02:00Z,8,12.8
285,Cusco,R203,2026-05-29T07:26:00Z,2026-05-29T08:18:00Z,46,18.2
286,Arequipa,R303,2026-05-29T13:28:00Z,2026-05-29T14:16:00Z,38,9.5
287,Arequipa,R302,2026-05-29T12:21:00Z,2026-05-29T12:59:00Z,29,14.2
288,Cusco,R203,2026-05-29T16:12:00Z,2026-05-29T16:35:00Z,55,18.2
289,Cusco,R201,2026-05-29T11:37:00Z,2026-05-29T12:03:00Z,40,15.3
290,Cusco,R202,2026-05-29T18:21:00Z,2026-05-29T19:35:00Z,47,10.5
291,Chiclayo,R501,2026-05-29T11:41:00Z,2026-05-29T12:06:00Z,42,9.3
292,Cusco,R202,2026-05-29T17:11:00Z,2026-05-29T18:15:00Z,47,10.5
293,Chiclayo,R501,2026-05-29T11:17:00Z,2026-05-29T12:12:00Z,29,9.3
294,Cusco,R201,2026-05-29T17:26:00Z,2026-05-29T18:30:00Z,58,15.3
295,Chiclayo,R501,2026-05-29T17:01:00Z,2026-05-29T18:03:00Z,32,9.3
296,Lima,R103,2026-05-29T11:16:00Z,2026-05-29T11:47:00Z,18,15.3
297,Trujillo,R401,2026-05-29T09:51:00Z,2026-05-29T10:19:00Z,14,11.0
298,Lima,R101,2026-05-29T17:17:00Z,2026-05-29T17:58:00Z,54,11.4
299,Chiclayo,R502,2026-05-29T08:37:00Z,2026-05-29T09:07:00Z,16,12.8
300,Chiclayo,R501,2026-05-29T18:18:00Z,2026-05-29T19:06:00Z,7,9.3
301,Arequipa,R302,2026-05-29T16:25:00Z,2026-05-29T17:03:00Z,53,14.2
302,Trujillo,R401,2026-05-29T15:06:00Z,2026-05-29T15:41:00Z,24,11.0
303,Trujillo,R401,2026-05-29T12:16:00Z,2026-05-29T13:19:00Z,41,11.0
304,Trujillo,R402,2026-05-29T19:16:00Z,2026-05-29T20:00:00Z,37,8.7
305,Arequipa,R301,2026-05-29T19:40:00Z,2026-05-29T20:38:00Z,13,12.1
306,Lima,R104,2026-05-29T12:20:00Z,2026-05-29T13:15:00Z,11,6.8
307,Chiclayo,R501,2026-05-29T10:51:00Z,2026-05-29T11:16:00Z,53,9.3
308,Trujillo,R401,2026-05-29T13:27:00Z,2026-05-29T13:52:00Z,19,11.0
309,Cusco,R201,2026-05-29T13:04:00Z,2026-05-29T13:27:00Z,30,15.3
310,Arequipa,R302,2026-05-29T07:23:00Z,2026-05-29T08:06:00Z,19,-1.0
311,Cusco,R201,2026-05-29T08:20:00Z,2026-05-29T08:42:00Z,23,15.3
312,Trujillo,R401,2026-05-29T18:57:00Z,2026-05-29T20:02:00Z,35,11.0
313,Lima,R101,2026-05-29T06:19:00Z,2026-05-29T06:55:00Z,18,11.4
314,Chiclayo,R502,2026-05-29T07:53:00Z,2026-05-29T09:02:00Z,23,12.8
315,Lima,R101,2026-05-29T10:04:00Z,2026-05-29T10:50:00Z,45,11.4
316,Trujillo,R401,2026-05-29T07:53:00Z,2026-05-29T09:06:00Z,36,11.0
317,Lima,R102,2026-05-29T18:15:00Z,2026-05-29T18:44:00Z,23,8.2
318,Chiclayo,R502,2026-05-29T10:06:00Z,2026-05-29T11:02:00Z,31,12.8
319,Lima,R103,2026-05-29T07:09:00Z,2026-05-29T08:02:00Z,39,15.3
320,Chiclayo,R501,2026-05-29T12:39:00Z,2026-05-29T13:54:00Z,-5,9.3
321,Cusco,R202,2026-05-29T18:45:00Z,2026-05-29T19:06:00Z,27,10.5
322,Cusco,R201,2026-05-29T18:30:00Z,2026-05-29T19:32:00Z,45,15.3
323,Chiclayo,R502,2026-05-29T08:16:00Z,2026-05-29T08:38:00Z,27,12.8
324,Arequipa,R303,2026-05-29T13:55:00Z,2026-05-29T14:59:00Z,35,9.5
325,Arequipa,R301,2026-05-29T18:13:00Z,2026-05-29T19:22:00Z,34,-1.0
326,Lima,R102,2026-05-29T06:42:00Z,2026-05-29T07:22:00Z,24,8.2
327,Chiclayo,R502,2026-05-29T10:19:00Z,2026-05-29T10:41:00Z,53,12.8
328,Cusco,R202,2026-05-29T19:19:00Z,2026-05-29T19:42:00Z,60,10.5
329,Cusco,R201,2026-05-29T19:38:00Z,2026-05-29T20:21:00Z,32,15.3
330,Trujillo,R402,2026-05-29T11:47:00Z,2026-05-29T12:18:00Z,36,8.7
331,Cusco,R203,2026-05-29T10:33:00Z,2026-05-29T11:44:00Z,10,18.2
332,Lima,R104,2026-05-29T16:16:00Z,2026-05-29T17:28:00Z,16,6.8
333,Cusco,R201,2026-05-29T07:21:00Z,2026-05-29T08:01:00Z,47,15.3
334,Trujillo,R402,2026-05-29T08:50:00Z,2026-05-29T09:54:00Z,33,8.7
335,Lima,R103,2026-05-29T16:29:00Z,2026-05-29T17:16:00Z,22,15.3
336,Lima,R101,2026-05-29T17:27:00Z,2026-05-29T18:27:00Z,30,11.4
337,Arequipa,R301,2026-05-29T08:26:00Z,2026-05-29T09:40:00Z,43,12.1
338,Trujillo,R401,2026-05-29T08:09:00Z,2026-05-29T08:33:00Z,20,11.0
339,Cusco,R202,2026-05-29T12:32:00Z,2026-05-29T13:28:00Z,7,10.5
340,Trujillo,R402,2026-05-29T12:20:00Z,2026-05-29T13:08:00Z,53,8.7
341,Arequipa,R303,2026-05-29T12:15:00Z,2026-05-29T13:00:00Z,25,9.5
342,Arequipa,R301,2026-05-29T06:26:00Z,2026-05-29T07:33:00Z,16,12.1
343,Trujillo,R401,2026-05-29T10:28:00Z,2026-05-29T11:37:00Z,21,11.0
344,Arequipa,R303,2026-05-29T10:52:00Z,2026-05-29T11:56:00Z,36,9.5
345,Arequipa,R301,2026-05-29T13:42:00Z,2026-05-29T14:13:00Z,50,12.1
346,Lima,R103,2026-05-29T17:23:00Z,2026-05-29T18:05:00Z,50,15.3
347,Chiclayo,R502,2026-05-29T11:07:00Z,2026-05-29T12:21:00Z,15,12.8
348,Arequipa,R302,2026-05-29T14:40:00Z,2026-05-29T15:14:00Z,12,14.2
349,Arequipa,R301,2026-05-29T19:29:00Z,2026-05-29T20:20:00Z,6,12.1
350,Chiclayo,R502,2026-05-29T13:58:00Z,2026-05-29T15:09:00Z,40,12.8
351,Lima,R101,2026-05-29T11:16:00Z,2026-05-29T12:01:00Z,50,11.4
352,Chiclayo,R502,2026-05-29T19:07:00Z,2026-05-29T19:53:00Z,57,12.8
353,Arequipa,R302,2026-05-29T16:57:00Z,2026-05-29T17:21:00Z,33,14.2
354,Chiclayo,R502,2026-05-29T08:11:00Z,2026-05-29T09:24:00Z,54,12.8
355,Chiclayo,R501,2026-05-29T19:06:00Z,2026-05-29T19:34:00Z,32,9.3
356,Lima,R101,2026-05-29T14:50:00Z,2026-05-29T15:19:00Z,24,11.4
357,Cusco,R203,2026-05-29T09:50:00Z,2026-05-29T10:32:00Z,38,18.2
358,Lima,R103,2026-05-29T09:21:00Z,2026-05-29T10:21:00Z,40,15.3
359,Cusco,R203,2026-05-29T15:06:00Z,2026-05-29T15:31:00Z,37,18.2
360,Chiclayo,R501,2026-05-29T08:55:00Z,2026-05-29T09:57:00Z,44,9.3
361,Chiclayo,R502,2026-05-29T15:37:00Z,2026-05-29T15:59:00Z,57,12.8
362,Lima,R101,2026-05-29T16:56:00Z,2026-05-29T18:05:00Z,41,11.4
363,Arequipa,,2026-05-29T13:06:00Z,2026-05-29T14:05:00Z,45,9.5
364,Chiclayo,R502,2026-05-29T16:57:00Z,2026-05-29T17:36:00Z,35,12.8
365,Trujillo,R402,2026-05-29T13:44:00Z,2026-05-29T14:08:00Z,49,8.7
366,Trujillo,R402,2026-05-29T14:15:00Z,2026-05-29T15:04:00Z,18,8.7
367,Arequipa,R302,2026-05-29T18:15:00Z,2026-05-29T18:55:00Z,51,14.2
368,Cusco,R202,2026-05-29T08:13:00Z,2026-05-29T09:21:00Z,28,10.5
369,Lima,R103,2026-05-29T10:07:00Z,2026-05-29T10:56:00Z,12,15.3
370,Arequipa,R301,2026-05-29T07:39:00Z,2026-05-29T08:02:00Z,23,12.1
371,Chiclayo,R502,2026-05-29T10:14:00Z,2026-05-29T11:29:00Z,15,12.8
372,Chiclayo,R502,2026-05-29T09:14:00Z,2026-05-29T10:22:00Z,15,12.8
373,Chiclayo,R502,2026-05-29T14:30:00Z,2026-05-29T15:09:00Z,-5,12.8
374,Chiclayo,R502,2026-05-29T10:06:00Z,2026-05-29T10:39:00Z,42,12.8
375,Lima,R103,2026-05-29T14:26:00Z,2026-05-29T15:24:00Z,58,15.3
376,Trujillo,R402,2026-05-29T15:09:00Z,2026-05-29T15:29:00Z,59,8.7
377,Arequipa,R302,2026-05-29T18:24:00Z,2026-05-29T19:07:00Z,53,14.2
378,Lima,R104,2026-05-29T06:52:00Z,2026-05-29T07:48:00Z,40,6.8
379,Chiclayo,R502,2026-05-29T07:15:00Z,2026-05-29T07:59:00Z,37,12.8
380,Chiclayo,R502,2026-05-29T16:38:00Z,2026-05-29T17:41:00Z,44,12.8
381,Lima,R104,2026-05-29T12:22:00Z,2026-05-29T13:32:00Z,26,6.8
382,Cusco,R201,2026-05-29T09:23:00Z,2026-05-29T10:21:00Z,37,15.3
383,Lima,R101,2026-05-29T06:39:00Z,2026-05-29T07:07:00Z,50,11.4
384,Trujillo,R402,2026-05-29T08:32:00Z,2026-05-29T09:30:00Z,37,8.7
385,Chiclayo,R502,2026-05-29T08:46:00Z,2026-05-29T09:31:00Z,44,12.8
386,Cusco,R203,2026-05-29T11:44:00Z,2026-05-29T12:36:00Z,58,18.2
387,Trujillo,R402,2026-05-29T14:06:00Z,2026-05-29T15:18:00Z,6,8.7
388,Lima,R104,2026-05-29T15:57:00Z,2026-05-29T16:36:00Z,55,6.8
389,Lima,R104,2026-05-29T10:31:00Z,2026-05-29T11:32:00Z,55,6.8
390,Chiclayo,R501,2026-05-29T18:18:00Z,2026-05-29T18:41:00Z,42,9.3
391,Chiclayo,R502,2026-05-29T08:31:00Z,2026-05-29T09:43:00Z,48,12.8
392,Chiclayo,R501,2026-05-29T09:15:00Z,2026-05-29T09:36:00Z,33,9.3
393,Arequipa,R302,2026-05-29T17:47:00Z,2026-05-29T18:20:00Z,31,14.2
394,Chiclayo,R502,2026-05-29T18:33:00Z,2026-05-29T19:39:00Z,8,12.8
395,Chiclayo,R501,2026-05-29T15:34:00Z,2026-05-29T16:14:00Z,47,9.3
396,Trujillo,R402,2026-05-29T08:57:00Z,2026-05-29T09:46:00Z,39,8.7
397,Cusco,R203,2026-05-29T19:10:00Z,2026-05-29T20:25:00Z,51,18.2
398,Cusco,R203,2026-05-29T14:15:00Z,2026-05-29T14:47:00Z,20,18.2
399,Cusco,R201,2026-05-29T11:04:00Z,2026-05-29T12:13:00Z,23,15.3
400,Trujillo,R402,2026-05-29T14:11:00Z,2026-05-29T14:53:00Z,40,8.7
401,Cusco,R202,2026-05-29T08:04:00Z,2026-05-29T09:00:00Z,48,10.5
402,Trujillo,R402,2026-05-29T19:11:00Z,2026-05-29T20:22:00Z,14,8.7
403,Cusco,R203,2026-05-29T07:20:00Z,2026-05-29T08:02:00Z,33,18.2
404,Trujillo,R401,2026-05-29T09:26:00Z,2026-05-29T10:38:00Z,39,11.0
405,Chiclayo,R502,2026-05-29T08:20:00Z,2026-05-29T08:46:00Z,44,12.8
406,Arequipa,R301,2026-05-29T06:51:00Z,2026-05-29T07:53:00Z,38,12.1
407,Arequipa,R301,2026-05-29T07:42:00Z,2026-05-29T08:28:00Z,26,12.1
408,Lima,R102,2026-05-29T06:05:00Z,2026-05-29T07:00:00Z,15,8.2
409,Trujillo,R402,2026-05-29T17:06:00Z,2026-05-29T17:38:00Z,53,8.7
410,Cusco,R202,2026-05-29T17:01:00Z,2026-05-29T17:24:00Z,54,10.5
411,Chiclayo,R501,2026-05-29T15:07:00Z,2026-05-29T16:14:00Z,51,9.3
412,Lima,R102,2026-05-29T13:07:00Z,2026-05-29T14:20:00Z,16,8.2
413,Lima,R104,2026-05-29T19:26:00Z,2026-05-29T20:17:00Z,16,6.8
414,Cusco,R201,2026-05-29T06:09:00Z,2026-05-29T06:48:00Z,41,15.3
415,Cusco,R202,2026-05-29T13:45:00Z,2026-05-29T14:46:00Z,39,10.5
416,Arequipa,R303,2026-05-29T13:59:00Z,2026-05-29T14:36:00Z,17,9.5
417,Cusco,R201,2026-05-29T18:28:00Z,2026-05-29T19:17:00Z,46,15.3
418,Arequipa,R301,2026-05-29T18:34:00Z,2026-05-29T19:15:00Z,55,12.1
419,Arequipa,R301,2026-05-29T16:25:00Z,2026-05-29T17:39:00Z,45,12.1
420,Trujillo,R402,2026-05-29T07:28:00Z,2026-05-29T08:13:00Z,47,8.7
421,Arequipa,R302,2026-05-29T11:31:00Z,2026-05-29T12:06:00Z,5,14.2
422,Arequipa,R302,2026-05-29T18:51:00Z,2026-05-29T19:28:00Z,26,14.2
423,Chiclayo,R501,2026-05-29T10:27:00Z,2026-05-29T11:28:00Z,28,9.3
424,Lima,R101,2026-05-29T13:56:00Z,2026-05-29T14:35:00Z,15,11.4
425,Chiclayo,R502,2026-05-29T17:46:00Z,2026-05-29T18:13:00Z,45,12.8
426,Cusco,R202,2026-05-29T16:29:00Z,2026-05-29T17:03:00Z,19,10.5
427,Trujillo,R401,2026-05-29T13:45:00Z,2026-05-29T14:52:00Z,43,11.0
428,Chiclayo,R502,2026-05-29T18:55:00Z,2026-05-29T19:49:00Z,56,12.8
429,Arequipa,R301,2026-05-29T17:36:00Z,2026-05-29T18:44:00Z,43,12.1
430,Lima,R104,2026-05-29T15:00:00Z,2026-05-29T16:05:00Z,28,6.8
431,Chiclayo,R501,2026-05-29T07:03:00Z,2026-05-29T08:16:00Z,40,9.3
432,Arequipa,R303,2026-05-29T15:09:00Z,2026-05-29T15:38:00Z,15,9.5
433,Chiclayo,R502,2026-05-29T07:59:00Z,2026-05-29T09:02:00Z,18,12.8
434,Trujillo,R401,2026-05-29T14:42:00Z,2026-05-29T15:30:00Z,56,11.0
435,Arequipa,R303,2026-05-29T13:05:00Z,2026-05-29T13:54:00Z,41,9.5
436,Trujillo,R402,2026-05-29T18:20:00Z,2026-05-29T18:41:00Z,30,8.7
437,Lima,R102,2026-05-29T15:52:00Z,2026-05-29T16:16:00Z,7,8.2
438,Lima,R101,2026-05-29T07:10:00Z,2026-05-29T08:00:00Z,7,11.4
439,Arequipa,R301,2026-05-29T19:04:00Z,2026-05-29T20:05:00Z,51,12.1
440,Trujillo,R402,2026-05-29T12:31:00Z,2026-05-29T13:19:00Z,60,8.7
441,Trujillo,R402,2026-05-29T07:22:00Z,2026-05-29T08:25:00Z,47,8.7
442,Arequipa,R303,2026-05-29T11:56:00Z,2026-05-29T12:23:00Z,16,9.5
443,Trujillo,R401,2026-05-29T18:25:00Z,2026-05-29T18:59:00Z,58,-1.0
444,Cusco,R202,2026-05-29T17:29:00Z,2026-05-29T18:35:00Z,39,10.5
445,Trujillo,R401,2026-05-29T10:13:00Z,2026-05-29T11:02:00Z,27,11.0
446,Arequipa,R303,2026-05-29T19:03:00Z,2026-05-29T19:30:00Z,7,9.5
447,Trujillo,R401,2026-05-29T10:06:00Z,2026-05-29T10:39:00Z,9,11.0
448,Lima,R104,2026-05-29T16:12:00Z,2026-05-29T17:15:00Z,50,6.8
449,Arequipa,R303,2026-05-29T06:45:00Z,2026-05-29T07:30:00Z,33,9.5
450,Arequipa,R301,2026-05-29T08:23:00Z,2026-05-29T09:15:00Z,23,12.1
451,Chiclayo,R502,2026-05-29T15:51:00Z,2026-05-29T16:49:00Z,54,12.8
452,Cusco,R201,2026-05-29T11:09:00Z,2026-05-29T11:38:00Z,47,15.3
453,Trujillo,R402,2026-05-29T10:41:00Z,2026-05-29T11:04:00Z,40,8.7
454,Arequipa,R303,2026-05-29T17:35:00Z,2026-05-29T18:22:00Z,40,9.5
455,Cusco,R203,2026-05-29T17:27:00Z,2026-05-29T18:11:00Z,55,18.2
456,Trujillo,R402,2026-05-29T08:32:00Z,2026-05-29T09:11:00Z,29,8.7
457,Chiclayo,R502,2026-05-29T10:06:00Z,2026-05-29T11:20:00Z,19,12.8
458,Arequipa,R302,2026-05-29T06:59:00Z,2026-05-29T07:54:00Z,31,14.2
459,Chiclayo,R501,2026-05-29T12:37:00Z,2026-05-29T13:12:00Z,21,9.3
460,Lima,R104,2026-05-29T12:19:00Z,2026-05-29T12:44:00Z,39,6.8
461,Arequipa,R301,2026-05-29T10:34:00Z,2026-05-29T11:18:00Z,48,12.1
462,Lima,R101,2026-05-29T09:12:00Z,2026-05-29T10:23:00Z,53,11.4
463,Chiclayo,R501,2026-05-29T14:10:00Z,2026-05-29T14:43:00Z,60,9.3
464,Cusco,R201,2026-05-29T09:36:00Z,2026-05-29T10:08:00Z,52,15.3
465,Trujillo,R401,2026-05-29T17:52:00Z,2026-05-29T18:50:00Z,50,11.0
466,Arequipa,R303,2026-05-29T11:29:00Z,2026-05-29T12:38:00Z,23,9.5
467,Chiclayo,R502,2026-05-29T11:15:00Z,2026-05-29T11:51:00Z,28,12.8
468,Trujillo,R402,2026-05-29T07:40:00Z,2026-05-29T08:51:00Z,51,8.7
469,Cusco,R201,2026-05-29T12:19:00Z,2026-05-29T12:59:00Z,31,-1.0
470,Arequipa,R301,2026-05-29T10:27:00Z,2026-05-29T11:22:00Z,42,12.1
471,Trujillo,R402,2026-05-29T08:36:00Z,2026-05-29T09:08:00Z,26,8.7
472,Chiclayo,R501,2026-05-29T14:31:00Z,2026-05-29T15:26:00Z,46,9.3
473,Cusco,R202,2026-05-29T19:01:00Z,2026-05-29T20:13:00Z,36,10.5
474,Trujillo,R402,2026-05-29T08:52:00Z,2026-05-29T09:58:00Z,55,8.7
475,Arequipa,R303,2026-05-29T15:19:00Z,2026-05-29T16:10:00Z,16,9.5
476,Chiclayo,R501,2026-05-29T14:56:00Z,2026-05-29T15:18:00Z,58,9.3
477,Lima,R101,2026-05-29T13:02:00Z,2026-05-29T13:30:00Z,58,11.4
478,Lima,R102,2026-05-29T06:09:00Z,2026-05-29T06:42:00Z,37,8.2
479,Lima,,2026-05-29T17:15:00Z,2026-05-29T18:06:00Z,6,6.8
480,Trujillo,R401,2026-05-29T06:17:00Z,2026-05-29T07:10:00Z,51,11.0
481,Cusco,R201,2026-05-29T14:34:00Z,2026-05-29T15:46:00Z,49,15.3
482,Arequipa,R301,2026-05-29T07:38:00Z,2026-05-29T08:31:00Z,14,12.1
483,Chiclayo,R502,2026-05-29T19:54:00Z,2026-05-29T20:36:00Z,22,12.8
484,Lima,R103,2026-05-29T12:55:00Z,2026-05-29T13:44:00Z,41,15.3
485,Arequipa,R302,2026-05-29T17:40:00Z,2026-05-29T18:52:00Z,59,14.2
486,Lima,R101,2026-05-29T12:55:00Z,2026-05-29T13:39:00Z,29,11.4
487,Lima,R101,2026-05-29T17:59:00Z,2026-05-29T18:29:00Z,10,11.4
488,Trujillo,R402,2026-05-29T15:39:00Z,2026-05-29T16:53:00Z,11,8.7
489,Lima,R102,2026-05-29T09:36:00Z,2026-05-29T10:51:00Z,49,8.2
490,Trujillo,R402,2026-05-29T06:47:00Z,2026-05-29T07:11:00Z,48,8.7
491,Chiclayo,R501,2026-05-29T09:03:00Z,2026-05-29T10:17:00Z,25,-1.0
492,Chiclayo,R501,2026-05-29T18:50:00Z,2026-05-29T20:02:00Z,50,9.3
493,Lima,R103,2026-05-29T08:46:00Z,2026-05-29T09:42:00Z,20,15.3
494,Trujillo,R402,2026-05-29T12:33:00Z,2026-05-29T13:41:00Z,52,8.7
495,Lima,R103,2026-05-29T06:54:00Z,2026-05-29T07:20:00Z,32,15.3
496,Lima,R103,2026-05-29T16:19:00Z,2026-05-29T17:28:00Z,44,15.3
497,Trujillo,R402,2026-05-29T06:30:00Z,2026-05-29T07:30:00Z,22,8.7
498,Trujillo,R402,2026-05-29T09:53:00Z,2026-05-29T10:35:00Z,40,8.7
499,Trujillo,R401,2026-05-29T17:36:00Z,2026-05-29T18:33:00Z,47,11.0
500,Chiclayo,R502,2026-05-29T19:37:00Z,2026-05-29T20:12:00Z,50,12.8
501,Cusco,R201,2026-05-29T12:29:00Z,2026-05-29T13:34:00Z,55,15.3
502,Trujillo,R402,2026-05-29T12:09:00Z,2026-05-29T12:35:00Z,-5,8.7
503,Trujillo,R402,2026-05-29T18:59:00Z,2026-05-29T19:36:00Z,11,8.7
504,Arequipa,R302,2026-05-29T13:39:00Z,2026-05-29T14:34:00Z,40,14.2
505,Lima,R101,2026-05-29T07:31:00Z,2026-05-29T08:13:00Z,40,11.4
506,Chiclayo,R502,2026-05-29T12:34:00Z,2026-05-29T12:54:00Z,23,12.8
507,Lima,R102,2026-05-29T15:45:00Z,2026-05-29T16:38:00Z,15,8.2
508,Arequipa,R301,2026-05-29T10:35:00Z,2026-05-29T11:14:00Z,22,12.1
509,Lima,R102,2026-05-29T13:25:00Z,2026-05-29T14:02:00Z,31,8.2
510,Lima,R103,2026-05-29T10:17:00Z,2026-05-29T10:52:00Z,51,15.3
511,Chiclayo,R501,2026-05-29T13:48:00Z,2026-05-29T14:14:00Z,13,9.3
512,Trujillo,R402,2026-05-29T16:35:00Z,2026-05-29T17:19:00Z,56,8.7
513,Trujillo,R402,2026-05-29T13:20:00Z,2026-05-29T14:32:00Z,57,8.7
514,Chiclayo,R501,2026-05-29T11:07:00Z,2026-05-29T11:47:00Z,43,9.3
515,Arequipa,R302,2026-05-29T11:21:00Z,2026-05-29T11:52:00Z,30,14.2
516,Cusco,R203,2026-05-29T17:51:00Z,2026-05-29T18:51:00Z,36,18.2
517,Arequipa,R302,2026-05-29T12:25:00Z,2026-05-29T13:02:00Z,57,14.2
518,Cusco,R201,2026-05-29T15:37:00Z,2026-05-29T16:09:00Z,42,15.3
519,Arequipa,R303,2026-05-29T19:06:00Z,2026-05-29T20:01:00Z,6,9.5
520,Trujillo,R401,2026-05-29T13:28:00Z,2026-05-29T14:39:00Z,23,11.0
521,Lima,R104,2026-05-29T17:29:00Z,2026-05-29T18:20:00Z,13,6.8
522,Arequipa,R302,2026-05-29T17:14:00Z,2026-05-29T17:43:00Z,50,14.2
523,Trujillo,R401,2026-05-29T13:39:00Z,2026-05-29T14:37:00Z,35,11.0
524,Chiclayo,R502,2026-05-29T15:16:00Z,2026-05-29T15:38:00Z,55,12.8
525,Chiclayo,R501,2026-05-29T07:51:00Z,2026-05-29T09:00:00Z,20,9.3
526,Cusco,R201,2026-05-29T17:02:00Z,2026-05-29T18:01:00Z,7,15.3
527,Trujillo,R402,2026-05-29T19:35:00Z,2026-05-29T20:22:00Z,-5,8.7
528,Arequipa,R303,2026-05-29T18:44:00Z,2026-05-29T19:37:00Z,40,9.5
529,Chiclayo,R501,2026-05-29T13:36:00Z,2026-05-29T14:19:00Z,30,9.3
530,Chiclayo,R501,2026-05-29T11:53:00Z,2026-05-29T12:14:00Z,35,9.3
531,Trujillo,R401,2026-05-29T07:58:00Z,2026-05-29T09:11:00Z,51,11.0
532,Cusco,R202,2026-05-29T13:46:00Z,2026-05-29T14:56:00Z,18,10.5
533,Cusco,R202,2026-05-29T07:39:00Z,2026-05-29T08:27:00Z,51,10.5
534,Cusco,R201,2026-05-29T11:07:00Z,2026-05-29T11:29:00Z,56,15.3
535,Lima,R103,2026-05-29T17:03:00Z,2026-05-29T17:29:00Z,48,15.3
536,Arequipa,R303,2026-05-29T08:58:00Z,2026-05-29T09:53:00Z,15,9.5
537,Trujillo,R402,2026-05-29T09:57:00Z,2026-05-29T11:08:00Z,30,8.7
538,Arequipa,,2026-05-29T17:13:00Z,2026-05-29T18:00:00Z,30,9.5
539,Arequipa,R302,2026-05-29T16:06:00Z,2026-05-29T16:53:00Z,29,-1.0
540,Arequipa,R302,2026-05-29T18:50:00Z,2026-05-29T19:55:00Z,56,14.2
541,Chiclayo,R501,2026-05-29T19:38:00Z,2026-05-29T20:53:00Z,39,9.3
542,Cusco,R201,2026-05-29T13:48:00Z,2026-05-29T14:15:00Z,21,15.3
543,Trujillo,R402,2026-05-29T16:11:00Z,2026-05-29T16:55:00Z,44,8.7
544,Lima,R103,2026-05-29T12:00:00Z,2026-05-29T13:14:00Z,34,15.3
545,Cusco,R203,2026-05-29T16:04:00Z,2026-05-29T16:29:00Z,48,18.2
546,Lima,R102,2026-05-29T11:12:00Z,2026-05-29T11:39:00Z,16,8.2
547,Arequipa,R303,2026-05-29T12:37:00Z,2026-05-29T13:23:00Z,43,9.5
548,Trujillo,R402,2026-05-29T09:10:00Z,2026-05-29T10:01:00Z,45,8.7
549,Arequipa,R303,2026-05-29T08:50:00Z,2026-05-29T09:41:00Z,23,9.5
550,Cusco,R202,2026-05-29T16:34:00Z,2026-05-29T16:57:00Z,60,10.5
551,Lima,R104,2026-05-29T08:19:00Z,2026-05-29T08:51:00Z,57,6.8
552,Chiclayo,R502,2026-05-29T12:58:00Z,2026-05-29T14:01:00Z,36,12.8
553,Trujillo,R402,2026-05-29T08:51:00Z,2026-05-29T09:16:00Z,41,-1.0
554,Cusco,R201,2026-05-29T10:41:00Z,2026-05-29T11:15:00Z,39,15.3
555,Trujillo,R402,2026-05-29T15:22:00Z,2026-05-29T16:14:00Z,12,8.7
556,Cusco,R203,2026-05-29T12:15:00Z,2026-05-29T13:09:00Z,57,18.2
557,Trujillo,R401,2026-05-29T13:15:00Z,2026-05-29T13:41:00Z,52,11.0
558,Arequipa,R302,2026-05-29T06:33:00Z,2026-05-29T07:21:00Z,21,14.2
559,Lima,R104,2026-05-29T08:00:00Z,2026-05-29T09:09:00Z,56,6.8
560,Chiclayo,R502,2026-05-29T18:07:00Z,2026-05-29T19:06:00Z,45,12.8
561,Chiclayo,R501,2026-05-29T19:23:00Z,2026-05-29T19:56:00Z,57,9.3
562,Lima,R103,2026-05-29T15:05:00Z,2026-05-29T15:42:00Z,43,15.3
563,Cusco,R203,2026-05-29T10:59:00Z,2026-05-29T11:37:00Z,41,18.2
564,Chiclayo,R501,2026-05-29T08:18:00Z,2026-05-29T09:26:00Z,55,9.3
565,Lima,R103,2026-05-29T17:11:00Z,2026-05-29T17:39:00Z,49,15.3
566,Arequipa,R301,2026-05-29T18:08:00Z,2026-05-29T18:48:00Z,58,12.1
567,Trujillo,R402,2026-05-29T08:25:00Z,2026-05-29T09:21:00Z,45,8.7
568,Trujillo,R402,2026-05-29T13:42:00Z,2026-05-29T14:06:00Z,45,8.7
569,Lima,R104,2026-05-29T14:47:00Z,2026-05-29T15:54:00Z,22,6.8
570,Cusco,,2026-05-29T14:19:00Z,2026-05-29T14:59:00Z,42,10.5
571,Lima,R104,2026-05-29T16:50:00Z,2026-05-29T17:52:00Z,49,6.8
572,Lima,R104,2026-05-29T09:43:00Z,2026-05-29T10:30:00Z,57,6.8
573,Cusco,R202,2026-05-29T10:50:00Z,2026-05-29T11:31:00Z,40,10.5
574,Chiclayo,R502,2026-05-29T19:27:00Z,2026-05-29T20:08:00Z,48,12.8
575,Lima,R101,2026-05-29T16:41:00Z,2026-05-29T17:51:00Z,58,11.4
576,Lima,R102,2026-05-29T13:31:00Z,2026-05-29T14:20:00Z,5,8.2
577,Trujillo,R401,2026-05-29T17:45:00Z,2026-05-29T18:13:00Z,46,11.0
578,Cusco,R201,2026-05-29T17:10:00Z,2026-05-29T17:53:00Z,21,15.3
579,Arequipa,R301,2026-05-29T12:45:00Z,2026-05-29T13:45:00Z,24,12.1
580,Arequipa,R302,2026-05-29T17:11:00Z,2026-05-29T17:36:00Z,50,14.2
581,Arequipa,R302,2026-05-29T07:19:00Z,2026-05-29T07:47:00Z,42,14.2
582,Trujillo,R401,2026-05-29T06:08:00Z,2026-05-29T07:12:00Z,26,11.0
583,Trujillo,R401,2026-05-29T14:09:00Z,2026-05-29T14:33:00Z,19,11.0
584,Lima,R101,2026-05-29T11:20:00Z,2026-05-29T12:03:00Z,24,11.4
585,Arequipa,R303,2026-05-29T17:33:00Z,2026-05-29T18:02:00Z,9,9.5
586,Lima,R102,2026-05-29T13:30:00Z,2026-05-29T14:12:00Z,51,8.2
587,Arequipa,R302,2026-05-29T16:30:00Z,2026-05-29T17:33:00Z,33,14.2
588,Lima,R101,2026-05-29T08:23:00Z,2026-05-29T09:31:00Z,12,11.4
589,Trujillo,R402,2026-05-29T13:19:00Z,2026-05-29T13:59:00Z,55,8.7
590,Cusco,R203,2026-05-29T07:26:00Z,2026-05-29T08:01:00Z,40,18.2
591,Chiclayo,R502,2026-05-29T19:17:00Z,2026-05-29T20:21:00Z,6,12.8
592,Cusco,R201,2026-05-29T14:50:00Z,2026-05-29T15:48:00Z,37,15.3
593,Trujillo,R402,2026-05-29T17:01:00Z,2026-05-29T17:24:00Z,55,8.7
594,Arequipa,R302,2026-05-29T12:35:00Z,2026-05-29T13:02:00Z,20,14.2
595,Chiclayo,R501,2026-05-29T15:00:00Z,2026-05-29T15:20:00Z,28,9.3
596,Arequipa,R302,2026-05-29T15:42:00Z,2026-05-29T16:28:00Z,28,14.2
597,Arequipa,R302,2026-05-29T19:08:00Z,2026-05-29T19:32:00Z,6,14.2
598,Lima,R103,2026-05-29T09:40:00Z,2026-05-29T10:02:00Z,8,15.3
599,Trujillo,R402,2026-05-29T16:43:00Z,2026-05-29T17:48:00Z,37,8.7
600,Trujillo,R402,2026-05-29T07:24:00Z,2026-05-29T08:24:00Z,39,8.7
601,Arequipa,R302,2026-05-29T07:25:00Z,2026-05-29T08:04:00Z,10,14.2
602,Arequipa,R301,2026-05-29T15:09:00Z,2026-05-29T15:49:00Z,30,12.1
603,Lima,R103,2026-05-29T17:55:00Z,2026-05-29T18:42:00Z,51,15.3
604,Arequipa,R301,2026-05-29T10:10:00Z,2026-05-29T10:35:00Z,32,12.1
605,Chiclayo,R501,2026-05-29T11:16:00Z,2026-05-29T12:18:00Z,52,9.3
606,Arequipa,R301,2026-05-29T06:12:00Z,2026-05-29T07:17:00Z,13,12.1
607,Arequipa,R302,2026-05-29T11:55:00Z,2026-05-29T12:48:00Z,38,14.2
608,Cusco,R201,2026-05-29T12:20:00Z,2026-05-29T12:48:00Z,52,15.3
609,Cusco,R203,2026-05-29T08:00:00Z,2026-05-29T09:09:00Z,6,18.2
610,Trujillo,R402,2026-05-29T14:56:00Z,2026-05-29T15:20:00Z,21,8.7
611,Chiclayo,R501,2026-05-29T14:28:00Z,2026-05-29T15:17:00Z,37,9.3
612,Trujillo,R401,2026-05-29T12:16:00Z,2026-05-29T12:46:00Z,21,11.0
613,Chiclayo,R501,2026-05-29T09:53:00Z,2026-05-29T11:00:00Z,37,-1.0
614,Arequipa,R301,2026-05-29T14:03:00Z,2026-05-29T14:46:00Z,29,12.1
615,Arequipa,R301,2026-05-29T15:26:00Z,2026-05-29T16:37:00Z,50,12.1
616,Trujillo,R401,2026-05-29T11:29:00Z,2026-05-29T12:04:00Z,31,11.0
617,Cusco,R202,2026-05-29T07:19:00Z,2026-05-29T08:15:00Z,28,10.5
618,Lima,R102,2026-05-29T09:48:00Z,2026-05-29T10:59:00Z,38,8.2
619,Trujillo,R401,2026-05-29T13:56:00Z,2026-05-29T15:11:00Z,23,11.0
620,Cusco,R202,2026-05-29T07:28:00Z,2026-05-29T08:23:00Z,34,-1.0
621,Cusco,R203,2026-05-29T19:23:00Z,2026-05-29T20:02:00Z,52,18.2
622,Trujillo,R402,2026-05-29T16:05:00Z,2026-05-29T16:56:00Z,54,8.7
623,Chiclayo,,2026-05-29T08:34:00Z,2026-05-29T08:54:00Z,31,9.3
624,Cusco,,2026-05-29T17:50:00Z,2026-05-29T18:10:00Z,26,18.2
625,Trujillo,R402,2026-05-29T07:46:00Z,2026-05-29T08:19:00Z,38,8.7
626,Trujillo,R402,2026-05-29T07:01:00Z,2026-05-29T07:30:00Z,50,8.7
627,Lima,R102,2026-05-29T14:52:00Z,2026-05-29T15:38:00Z,49,8.2
628,Trujillo,R401,2026-05-29T15:54:00Z,2026-05-29T16:20:00Z,37,11.0
629,Trujillo,R401,2026-05-29T16:06:00Z,2026-05-29T17:02:00Z,8,11.0
630,Arequipa,R301,2026-05-29T10:58:00Z,2026-05-29T11:34:00Z,59,12.1
631,Trujillo,R402,2026-05-29T11:25:00Z,2026-05-29T12:13:00Z,22,8.7
632,Arequipa,R301,2026-05-29T19:18:00Z,2026-05-29T20:27:00Z,42,12.1
633,Lima,R102,2026-05-29T13:40:00Z,2026-05-29T14:29:00Z,25,8.2
634,Chiclayo,R502,2026-05-29T19:08:00Z,2026-05-29T19:41:00Z,33,12.8
635,Cusco,R201,2026-05-29T07:32:00Z,2026-05-29T08:02:00Z,56,15.3
636,Chiclayo,R501,2026-05-29T09:40:00Z,2026-05-29T10:53:00Z,59,9.3
637,Lima,R102,2026-05-29T12:04:00Z,2026-05-29T12:49:00Z,-5,8.2
638,Cusco,R201,2026-05-29T06:31:00Z,2026-05-29T07:16:00Z,59,15.3
639,Chiclayo,R501,2026-05-29T07:36:00Z,2026-05-29T08:25:00Z,11,9.3
640,Arequipa,R301,2026-05-29T06:12:00Z,2026-05-29T06:35:00Z,58,12.1
641,Arequipa,R301,2026-05-29T09:22:00Z,2026-05-29T10:34:00Z,30,12.1
642,Lima,R103,2026-05-29T19:52:00Z,2026-05-29T20:16:00Z,6,15.3
643,Arequipa,R303,2026-05-29T13:34:00Z,2026-05-29T14:45:00Z,13,9.5
644,Cusco,R201,2026-05-29T06:43:00Z,2026-05-29T07:32:00Z,8,15.3
645,Chiclayo,,2026-05-29T18:21:00Z,2026-05-29T19:06:00Z,36,12.8
646,Trujillo,R401,2026-05-29T12:02:00Z,2026-05-29T12:35:00Z,16,11.0
647,Trujillo,R401,2026-05-29T06:35:00Z,2026-05-29T07:34:00Z,44,11.0
648,Cusco,R202,2026-05-29T13:01:00Z,2026-05-29T13:56:00Z,35,10.5
649,Cusco,R202,2026-05-29T08:20:00Z,2026-05-29T09:06:00Z,17,10.5
650,Chiclayo,R501,2026-05-29T16:45:00Z,2026-05-29T17:56:00Z,39,9.3
651,Trujillo,R402,2026-05-29T14:11:00Z,2026-05-29T15:05:00Z,55,8.7
652,Chiclayo,,2026-05-29T12:37:00Z,2026-05-29T13:14:00Z,16,12.8
653,Arequipa,R301,2026-05-29T19:50:00Z,2026-05-29T20:59:00Z,22,12.1
654,Trujillo,R402,2026-05-29T19:05:00Z,2026-05-29T20:02:00Z,19,8.7
655,Lima,R102,2026-05-29T17:12:00Z,2026-05-29T17:47:00Z,22,8.2
656,Lima,R102,2026-05-29T15:49:00Z,2026-05-29T17:03:00Z,56,8.2
657,Arequipa,R301,2026-05-29T10:02:00Z,2026-05-29T10:59:00Z,25,12.1
658,Cusco,R203,2026-05-29T06:28:00Z,2026-05-29T07:33:00Z,49,18.2
659,Chiclayo,R501,2026-05-29T15:36:00Z,2026-05-29T16:08:00Z,58,9.3
660,Trujillo,R402,2026-05-29T08:59:00Z,2026-05-29T09:50:00Z,7,8.7
661,Arequipa,R303,2026-05-29T09:44:00Z,2026-05-29T10:05:00Z,38,9.5
662,Cusco,R203,2026-05-29T09:26:00Z,2026-05-29T10:37:00Z,13,18.2
663,Arequipa,R302,2026-05-29T07:00:00Z,2026-05-29T07:21:00Z,14,14.2
664,Arequipa,R301,2026-05-29T14:58:00Z,2026-05-29T16:13:00Z,28,12.1
665,Cusco,R203,2026-05-29T17:18:00Z,2026-05-29T18:03:00Z,42,18.2
666,Cusco,R202,2026-05-29T08:19:00Z,2026-05-29T08:49:00Z,51,10.5
667,Trujillo,R402,2026-05-29T08:58:00Z,2026-05-29T10:03:00Z,40,8.7
668,Chiclayo,R502,2026-05-29T09:48:00Z,2026-05-29T10:50:00Z,42,12.8
669,Trujillo,R402,2026-05-29T18:31:00Z,2026-05-29T19:35:00Z,23,8.7
670,Lima,R104,2026-05-29T19:09:00Z,2026-05-29T20:05:00Z,7,6.8
671,Cusco,R203,2026-05-29T09:46:00Z,2026-05-29T10:46:00Z,41,18.2
672,Trujillo,R401,2026-05-29T11:39:00Z,2026-05-29T12:46:00Z,9,11.0
673,Cusco,R201,2026-05-29T16:51:00Z,2026-05-29T17:16:00Z,57,15.3
674,Cusco,R202,2026-05-29T06:11:00Z,2026-05-29T06:47:00Z,18,10.5
675,Lima,R103,2026-05-29T10:22:00Z,2026-05-29T11:32:00Z,11,15.3
676,Lima,R104,2026-05-29T13:28:00Z,2026-05-29T14:34:00Z,31,6.8
677,Trujillo,R402,2026-05-29T12:27:00Z,2026-05-29T13:09:00Z,39,8.7
678,Trujillo,R401,2026-05-29T08:46:00Z,2026-05-29T09:34:00Z,9,11.0
679,Lima,R103,2026-05-29T06:20:00Z,2026-05-29T07:00:00Z,21,15.3
680,Lima,R103,2026-05-29T08:54:00Z,2026-05-29T09:38:00Z,15,15.3
681,Chiclayo,R501,2026-05-29T11:46:00Z,2026-05-29T12:44:00Z,44,9.3
682,Lima,R104,2026-05-29T17:09:00Z,2026-05-29T17:39:00Z,43,6.8
683,Arequipa,R301,2026-05-29T07:43:00Z,2026-05-29T08:24:00Z,18,12.1
684,Trujillo,R402,2026-05-29T17:16:00Z,2026-05-29T17:54:00Z,24,8.7
685,Lima,R104,2026-05-29T15:45:00Z,2026-05-29T16:40:00Z,58,6.8
686,Lima,R103,2026-05-29T06:03:00Z,2026-05-29T06:50:00Z,10,15.3
687,Chiclayo,R502,2026-05-29T09:24:00Z,2026-05-29T09:50:00Z,6,12.8
688,Cusco,R201,2026-05-29T14:04:00Z,2026-05-29T15:18:00Z,12,15.3
689,Trujillo,R402,2026-05-29T14:20:00Z,2026-05-29T15:22:00Z,21,8.7
690,Chiclayo,R502,2026-05-29T09:09:00Z,2026-05-29T09:52:00Z,29,12.8
691,Trujillo,R401,2026-05-29T10:29:00Z,2026-05-29T11:17:00Z,34,11.0
692,Cusco,R203,2026-05-29T07:03:00Z,2026-05-29T07:32:00Z,53,18.2
693,Lima,R101,2026-05-29T17:24:00Z,2026-05-29T18:06:00Z,56,11.4
694,Chiclayo,R501,2026-05-29T15:26:00Z,2026-05-29T15:49:00Z,58,9.3
695,Chiclayo,R502,2026-05-29T15:08:00Z,2026-05-29T16:11:00Z,60,12.8
696,Chiclayo,R501,2026-05-29T14:07:00Z,2026-05-29T14:46:00Z,10,9.3
697,Lima,R102,2026-05-29T08:03:00Z,2026-05-29T09:11:00Z,33,8.2
698,Arequipa,R301,2026-05-29T19:47:00Z,2026-05-29T20:19:00Z,13,-1.0
699,Trujillo,R401,2026-05-29T16:42:00Z,2026-05-29T17:11:00Z,58,11.0
700,Cusco,R203,2026-05-29T19:46:00Z,2026-05-29T20:10:00Z,10,18.2
701,Trujillo,R402,2026-05-29T10:42:00Z,2026-05-29T11:35:00Z,34,8.7
702,Lima,R104,2026-05-29T07:55:00Z,2026-05-29T08:41:00Z,14,6.8
703,Chiclayo,R501,2026-05-29T07:48:00Z,2026-05-29T08:44:00Z,54,9.3
704,Cusco,R203,2026-05-29T11:52:00Z,2026-05-29T12:38:00Z,21,18.2
705,Trujillo,R402,2026-05-29T06:38:00Z,2026-05-29T07:09:00Z,22,8.7
706,Chiclayo,R502,2026-05-29T06:39:00Z,2026-05-29T07:24:00Z,26,12.8
707,Lima,R104,2026-05-29T10:35:00Z,2026-05-29T11:18:00Z,6,6.8
708,Cusco,R202,2026-05-29T10:47:00Z,2026-05-29T12:00:00Z,36,10.5
709,Lima,R102,2026-05-29T08:17:00Z,2026-05-29T08:56:00Z,52,8.2
710,Cusco,R202,2026-05-29T18:26:00Z,2026-05-29T19:12:00Z,43,10.5
711,Arequipa,R302,2026-05-29T09:36:00Z,2026-05-29T10:48:00Z,31,14.2
712,Chiclayo,R502,2026-05-29T20:00:00Z,2026-05-29T20:23:00Z,37,12.8
713,Lima,R103,2026-05-29T18:06:00Z,2026-05-29T18:58:00Z,30,15.3
714,Chiclayo,R501,2026-05-29T08:57:00Z,2026-05-29T09:29:00Z,58,9.3
715,Lima,R102,2026-05-29T06:33:00Z,2026-05-29T07:22:00Z,8,8.2
716,Arequipa,R302,2026-05-29T12:17:00Z,2026-05-29T13:29:00Z,34,14.2
717,Lima,R101,2026-05-29T10:07:00Z,2026-05-29T10:50:00Z,36,11.4
718,Arequipa,R302,2026-05-29T16:00:00Z,2026-05-29T16:55:00Z,27,14.2
719,Cusco,R203,2026-05-29T17:45:00Z,2026-05-29T18:10:00Z,23,-1.0
720,Arequipa,R303,2026-05-29T19:18:00Z,2026-05-29T19:51:00Z,59,9.5
721,Arequipa,R303,2026-05-29T09:31:00Z,2026-05-29T10:08:00Z,46,9.5
722,Lima,R101,2026-05-29T14:05:00Z,2026-05-29T14:33:00Z,46,11.4
723,Lima,R102,2026-05-29T10:18:00Z,2026-05-29T11:16:00Z,56,8.2
724,Cusco,R202,2026-05-29T12:25:00Z,2026-05-29T13:39:00Z,27,10.5
725,Arequipa,R302,2026-05-29T11:09:00Z,2026-05-29T12:12:00Z,38,14.2
726,Trujillo,R401,2026-05-29T06:07:00Z,2026-05-29T06:59:00Z,47,11.0
727,Cusco,R203,2026-05-29T17:02:00Z,2026-05-29T18:00:00Z,43,18.2
728,Lima,R104,2026-05-29T07:05:00Z,2026-05-29T07:46:00Z,22,6.8
729,Cusco,R202,2026-05-29T17:11:00Z,2026-05-29T18:16:00Z,46,10.5
730,Arequipa,R303,2026-05-29T19:03:00Z,2026-05-29T19:38:00Z,8,9.5
731,Chiclayo,R502,2026-05-29T17:16:00Z,2026-05-29T17:56:00Z,48,12.8
732,Lima,R104,2026-05-29T11:02:00Z,2026-05-29T11:38:00Z,31,6.8
733,Lima,R102,2026-05-29T11:51:00Z,2026-05-29T12:57:00Z,50,8.2
734,Chiclayo,R502,2026-05-29T17:27:00Z,2026-05-29T18:09:00Z,37,12.8
735,Arequipa,R303,2026-05-29T15:31:00Z,2026-05-29T16:02:00Z,23,9.5
736,Arequipa,R303,2026-05-29T10:24:00Z,2026-05-29T11:30:00Z,56,9.5
737,Arequipa,R303,2026-05-29T11:43:00Z,2026-05-29T12:44:00Z,10,9.5
738,Arequipa,R303,2026-05-29T11:14:00Z,2026-05-29T12:00:00Z,55,9.5
739,Cusco,R202,2026-05-29T15:59:00Z,2026-05-29T16:37:00Z,34,10.5
740,Trujillo,R401,2026-05-29T16:49:00Z,2026-05-29T17:46:00Z,42,11.0
741,Lima,R104,2026-05-29T09:19:00Z,2026-05-29T10:11:00Z,12,6.8
742,Trujillo,R402,2026-05-29T13:03:00Z,2026-05-29T13:26:00Z,60,8.7
743,Arequipa,R301,2026-05-29T11:50:00Z,2026-05-29T12:36:00Z,41,12.1
744,Trujillo,R401,2026-05-29T11:23:00Z,2026-05-29T12:38:00Z,50,11.0
745,Lima,R104,2026-05-29T11:40:00Z,2026-05-29T12:40:00Z,16,6.8
746,Lima,R101,2026-05-29T13:42:00Z,2026-05-29T14:19:00Z,18,11.4
747,Arequipa,R303,2026-05-29T19:02:00Z,2026-05-29T19:32:00Z,36,9.5
748,Lima,R102,2026-05-29T16:29:00Z,2026-05-29T17:16:00Z,45,8.2
749,Trujillo,R402,2026-05-29T12:32:00Z,2026-05-29T12:52:00Z,7,8.7
750,Cusco,R201,2026-05-29T11:29:00Z,2026-05-29T12:37:00Z,58,15.3
751,Lima,R101,2026-05-29T16:41:00Z,2026-05-29T17:47:00Z,20,11.4
752,Cusco,R202,2026-05-29T08:12:00Z,2026-05-29T08:38:00Z,29,10.5
753,Cusco,R201,2026-05-29T07:06:00Z,2026-05-29T08:18:00Z,7,15.3
754,Cusco,R202,2026-05-29T18:25:00Z,2026-05-29T19:18:00Z,43,10.5
755,Trujillo,R401,2026-05-29T11:50:00Z,2026-05-29T12:41:00Z,27,11.0
756,Arequipa,R302,2026-05-29T06:19:00Z,2026-05-29T06:53:00Z,19,14.2
757,Arequipa,R301,2026-05-29T18:31:00Z,2026-05-29T18:52:00Z,42,12.1
758,Lima,,2026-05-29T18:08:00Z,2026-05-29T19:09:00Z,55,15.3
759,Cusco,R203,2026-05-29T16:38:00Z,2026-05-29T17:01:00Z,43,18.2
760,Lima,R101,2026-05-29T06:49:00Z,2026-05-29T07:53:00Z,12,11.4
761,Trujillo,R401,2026-05-29T15:20:00Z,2026-05-29T15:56:00Z,35,11.0
762,Arequipa,R303,2026-05-29T17:42:00Z,2026-05-29T18:42:00Z,5,9.5
763,Lima,R103,2026-05-29T16:37:00Z,2026-05-29T17:35:00Z,49,15.3
764,Lima,R101,2026-05-29T10:49:00Z,2026-05-29T11:16:00Z,55,11.4
765,Arequipa,R303,2026-05-29T09:24:00Z,2026-05-29T10:33:00Z,21,9.5
766,Arequipa,R302,2026-05-29T18:00:00Z,2026-05-29T18:46:00Z,23,14.2
767,Chiclayo,R502,2026-05-29T09:32:00Z,2026-05-29T10:36:00Z,35,12.8
768,Lima,R101,2026-05-29T17:27:00Z,2026-05-29T17:52:00Z,12,11.4
769,Trujillo,R401,2026-05-29T07:32:00Z,2026-05-29T08:41:00Z,37,11.0
770,Lima,R103,2026-05-29T16:59:00Z,2026-05-29T17:33:00Z,34,15.3
771,Cusco,R202,2026-05-29T13:55:00Z,2026-05-29T14:18:00Z,11,10.5
772,Lima,R103,2026-05-29T12:08:00Z,2026-05-29T13:19:00Z,48,15.3
773,Lima,R101,2026-05-29T18:56:00Z,2026-05-29T19:18:00Z,5,11.4
774,Arequipa,R302,2026-05-29T12:06:00Z,2026-05-29T12:54:00Z,44,14.2
775,Lima,R103,2026-05-29T19:54:00Z,2026-05-29T20:35:00Z,16,15.3
776,Trujillo,R402,2026-05-29T10:38:00Z,2026-05-29T11:51:00Z,29,8.7
777,Trujillo,R402,2026-05-29T17:04:00Z,2026-05-29T18:15:00Z,15,8.7
778,Lima,R102,2026-05-29T07:46:00Z,2026-05-29T08:32:00Z,42,8.2
779,Chiclayo,R502,2026-05-29T09:05:00Z,2026-05-29T10:04:00Z,29,12.8
780,Chiclayo,R501,2026-05-29T17:40:00Z,2026-05-29T18:53:00Z,51,9.3
781,Arequipa,R302,2026-05-29T14:19:00Z,2026-05-29T14:46:00Z,31,14.2
782,Lima,R103,2026-05-29T17:10:00Z,2026-05-29T17:50:00Z,5,15.3
783,Chiclayo,R501,2026-05-29T17:25:00Z,2026-05-29T18:40:00Z,26,9.3
784,Chiclayo,R501,2026-05-29T13:23:00Z,2026-05-29T14:25:00Z,51,9.3
785,Cusco,R203,2026-05-29T17:32:00Z,2026-05-29T18:33:00Z,29,18.2
786,Chiclayo,R501,2026-05-29T06:11:00Z,2026-05-29T07:12:00Z,15,9.3
787,Trujillo,R402,2026-05-29T08:49:00Z,2026-05-29T09:13:00Z,53,8.7
788,Arequipa,R302,2026-05-29T10:44:00Z,2026-05-29T11:07:00Z,37,14.2
789,Trujillo,R402,2026-05-29T19:56:00Z,2026-05-29T20:31:00Z,10,8.7
790,Chiclayo,R502,2026-05-29T07:30:00Z,2026-05-29T08:44:00Z,36,12.8
791,Lima,R104,2026-05-29T18:43:00Z,2026-05-29T19:44:00Z,6,6.8
792,Trujillo,R401,2026-05-29T15:30:00Z,2026-05-29T16:25:00Z,5,11.0
793,Chiclayo,R502,2026-05-29T14:40:00Z,2026-05-29T15:35:00Z,18,12.8
794,Trujillo,R402,2026-05-29T12:12:00Z,2026-05-29T13:24:00Z,8,8.7
795,Trujillo,R402,2026-05-29T15:33:00Z,2026-05-29T16:42:00Z,44,8.7
796,Cusco,R203,2026-05-29T13:43:00Z,2026-05-29T14:10:00Z,11,18.2
797,Arequipa,R301,2026-05-29T11:49:00Z,2026-05-29T12:31:00Z,58,12.1
798,Cusco,R203,2026-05-29T14:54:00Z,2026-05-29T15:37:00Z,49,18.2
799,Arequipa,R302,2026-05-29T08:23:00Z,2026-05-29T09:35:00Z,50,14.2
800,Trujillo,R401,2026-05-29T10:20:00Z,2026-05-29T11:19:00Z,17,11.0
801,Trujillo,R401,2026-05-29T13:48:00Z,2026-05-29T15:00:00Z,55,11.0
802,Cusco,R201,2026-05-29T18:55:00Z,2026-05-29T19:41:00Z,7,15.3
803,Chiclayo,R501,2026-05-29T19:10:00Z,2026-05-29T19:58:00Z,34,9.3
804,Chiclayo,R501,2026-05-29T14:30:00Z,2026-05-29T14:50:00Z,38,9.3
805,Chiclayo,R502,2026-05-29T15:59:00Z,2026-05-29T16:49:00Z,37,12.8
806,Arequipa,R303,2026-05-29T15:52:00Z,2026-05-29T16:23:00Z,51,9.5
807,Lima,R104,2026-05-29T17:13:00Z,2026-05-29T18:11:00Z,43,6.8
808,Chiclayo,R502,2026-05-29T13:08:00Z,2026-05-29T14:06:00Z,49,12.8
809,Cusco,R202,2026-05-29T11:51:00Z,2026-05-29T12:29:00Z,33,10.5
810,Arequipa,R302,2026-05-29T16:16:00Z,2026-05-29T17:20:00Z,52,14.2
811,Chiclayo,R502,2026-05-29T18:08:00Z,2026-05-29T19:15:00Z,40,12.8
812,Arequipa,R301,2026-05-29T16:39:00Z,2026-05-29T17:44:00Z,23,12.1
813,Arequipa,R303,2026-05-29T17:05:00Z,2026-05-29T17:36:00Z,37,9.5
814,Cusco,R203,2026-05-29T07:58:00Z,2026-05-29T09:06:00Z,27,18.2
815,Chiclayo,R502,2026-05-29T17:30:00Z,2026-05-29T18:37:00Z,58,12.8
816,Trujillo,R401,2026-05-29T14:55:00Z,2026-05-29T15:21:00Z,6,11.0
817,Lima,R101,2026-05-29T09:24:00Z,2026-05-29T10:01:00Z,53,11.4
818,Cusco,R203,2026-05-29T10:16:00Z,2026-05-29T10:45:00Z,58,18.2
819,Cusco,R201,2026-05-29T18:51:00Z,2026-05-29T19:45:00Z,7,15.3
820,Trujillo,R401,2026-05-29T16:30:00Z,2026-05-29T17:45:00Z,48,11.0
821,Arequipa,R303,2026-05-29T17:02:00Z,2026-05-29T17:57:00Z,29,9.5
822,Cusco,R203,2026-05-29T17:20:00Z,2026-05-29T17:43:00Z,29,18.2
823,Cusco,R203,2026-05-29T06:55:00Z,2026-05-29T07:15:00Z,52,18.2
824,Chiclayo,R502,2026-05-29T09:50:00Z,2026-05-29T10:50:00Z,50,12.8
825,Cusco,R203,2026-05-29T15:19:00Z,2026-05-29T16:26:00Z,43,18.2
826,Arequipa,R302,2026-05-29T13:39:00Z,2026-05-29T14:10:00Z,48,14.2
827,Arequipa,R303,2026-05-29T14:46:00Z,2026-05-29T15:13:00Z,-5,9.5
828,Chiclayo,R502,2026-05-29T08:13:00Z,2026-05-29T08:43:00Z,42,12.8
829,Lima,R103,2026-05-29T13:57:00Z,2026-05-29T15:02:00Z,-5,15.3
830,Chiclayo,R501,2026-05-29T19:12:00Z,2026-05-29T20:12:00Z,44,9.3
831,Cusco,R202,2026-05-29T19:28:00Z,2026-05-29T20:24:00Z,40,10.5
832,Cusco,R203,2026-05-29T09:45:00Z,2026-05-29T10:16:00Z,38,18.2
833,Chiclayo,R501,2026-05-29T13:05:00Z,2026-05-29T13:59:00Z,39,9.3
834,Cusco,R201,2026-05-29T09:38:00Z,2026-05-29T10:40:00Z,26,15.3
835,Cusco,R201,2026-05-29T18:50:00Z,2026-05-29T19:49:00Z,38,15.3
836,Chiclayo,R501,2026-05-29T07:57:00Z,2026-05-29T08:59:00Z,27,9.3
837,Chiclayo,R501,2026-05-29T06:40:00Z,2026-05-29T07:43:00Z,25,9.3
838,Lima,R104,2026-05-29T10:22:00Z,2026-05-29T11:16:00Z,51,6.8
839,Chiclayo,R502,2026-05-29T14:46:00Z,2026-05-29T15:57:00Z,37,12.8
840,Lima,R103,2026-05-29T17:07:00Z,2026-05-29T17:39:00Z,25,15.3
841,Lima,R102,2026-05-29T19:11:00Z,2026-05-29T20:05:00Z,39,-1.0
842,Arequipa,R303,2026-05-29T16:44:00Z,2026-05-29T17:53:00Z,18,9.5
843,Trujillo,R401,2026-05-29T09:30:00Z,2026-05-29T10:24:00Z,58,11.0
844,Trujillo,,2026-05-29T18:44:00Z,2026-05-29T19:47:00Z,14,11.0
845,Cusco,R201,2026-05-29T07:29:00Z,2026-05-29T07:53:00Z,8,15.3
846,Cusco,R203,2026-05-29T07:12:00Z,2026-05-29T08:08:00Z,57,18.2
847,Cusco,R202,2026-05-29T12:37:00Z,2026-05-29T13:25:00Z,45,10.5
848,Cusco,R201,2026-05-29T12:38:00Z,2026-05-29T13:41:00Z,12,15.3
849,Chiclayo,R501,2026-05-29T18:54:00Z,2026-05-29T20:01:00Z,42,-1.0
850,Cusco,R203,2026-05-29T07:48:00Z,2026-05-29T08:26:00Z,55,18.2
851,Chiclayo,R501,2026-05-29T10:48:00Z,2026-05-29T11:56:00Z,33,9.3
852,Lima,R104,2026-05-29T08:40:00Z,2026-05-29T09:34:00Z,19,6.8
853,Trujillo,R402,2026-05-29T16:49:00Z,2026-05-29T17:18:00Z,24,8.7
854,Cusco,R201,2026-05-29T15:26:00Z,2026-05-29T16:41:00Z,40,15.3
855,Lima,R101,2026-05-29T15:46:00Z,2026-05-29T16:44:00Z,30,11.4
856,Lima,R103,2026-05-29T09:35:00Z,2026-05-29T10:42:00Z,52,15.3
857,Cusco,R201,2026-05-29T13:02:00Z,2026-05-29T14:03:00Z,59,15.3
858,Arequipa,R301,2026-05-29T09:46:00Z,2026-05-29T10:45:00Z,58,12.1
859,Lima,R102,2026-05-29T17:27:00Z,2026-05-29T18:38:00Z,41,8.2
860,Chiclayo,R502,2026-05-29T17:00:00Z,2026-05-29T17:55:00Z,9,12.8
861,Lima,R103,2026-05-29T07:40:00Z,2026-05-29T08:12:00Z,51,15.3
862,Cusco,R202,2026-05-29T08:11:00Z,2026-05-29T09:13:00Z,46,10.5
863,Cusco,R203,2026-05-29T07:11:00Z,2026-05-29T07:43:00Z,25,18.2
864,Cusco,R203,2026-05-29T17:15:00Z,2026-05-29T17:54:00Z,49,18.2
865,Chiclayo,R502,2026-05-29T19:47:00Z,2026-05-29T20:27:00Z,32,12.8
866,Cusco,R201,2026-05-29T19:24:00Z,2026-05-29T19:58:00Z,50,15.3
867,Trujillo,R402,2026-05-29T12:08:00Z,2026-05-29T12:36:00Z,48,8.7
868,Trujillo,R402,2026-05-29T13:36:00Z,2026-05-29T14:18:00Z,54,8.7
869,Chiclayo,R501,2026-05-29T08:59:00Z,2026-05-29T10:00:00Z,43,9.3
870,Cusco,R201,2026-05-29T15:11:00Z,2026-05-29T15:43:00Z,21,15.3
871,Lima,R101,2026-05-29T06:19:00Z,2026-05-29T07:33:00Z,37,11.4
872,Chiclayo,R502,2026-05-29T19:07:00Z,2026-05-29T20:04:00Z,18,12.8
873,Chiclayo,R502,2026-05-29T15:16:00Z,2026-05-29T16:10:00Z,35,12.8
874,Arequipa,R302,2026-05-29T12:41:00Z,2026-05-29T13:15:00Z,54,14.2
875,Cusco,R201,2026-05-29T13:55:00Z,2026-05-29T14:47:00Z,37,15.3
876,Cusco,R203,2026-05-29T06:10:00Z,2026-05-29T07:12:00Z,20,18.2
877,Chiclayo,R501,2026-05-29T18:55:00Z,2026-05-29T19:47:00Z,13,9.3
878,Arequipa,R303,2026-05-29T15:39:00Z,2026-05-29T16:41:00Z,60,9.5
879,Trujillo,R402,2026-05-29T06:41:00Z,2026-05-29T07:15:00Z,53,8.7
880,Lima,R103,2026-05-29T12:18:00Z,2026-05-29T12:52:00Z,7,15.3
881,Chiclayo,R502,2026-05-29T12:37:00Z,2026-05-29T13:27:00Z,34,12.8
882,Lima,R103,2026-05-29T07:45:00Z,2026-05-29T08:50:00Z,38,15.3
883,Cusco,R203,2026-05-29T10:29:00Z,2026-05-29T11:26:00Z,39,18.2
884,Trujillo,R402,2026-05-29T12:14:00Z,2026-05-29T13:11:00Z,46,8.7
885,Lima,R103,2026-05-29T12:25:00Z,2026-05-29T12:59:00Z,38,15.3
886,Cusco,R202,2026-05-29T19:31:00Z,2026-05-29T20:21:00Z,43,-1.0
887,Trujillo,R401,2026-05-29T09:55:00Z,2026-05-29T10:19:00Z,37,11.0
888,Arequipa,R301,2026-05-29T09:11:00Z,2026-05-29T09:41:00Z,28,12.1
889,Lima,R102,2026-05-29T13:04:00Z,2026-05-29T14:15:00Z,26,8.2
890,Trujillo,R402,2026-05-29T14:10:00Z,2026-05-29T14:43:00Z,42,8.7
891,Trujillo,R401,2026-05-29T10:09:00Z,2026-05-29T10:31:00Z,13,11.0
892,Arequipa,R301,2026-05-29T16:44:00Z,2026-05-29T17:36:00Z,7,12.1
893,Arequipa,R301,2026-05-29T08:50:00Z,2026-05-29T09:26:00Z,16,12.1
894,Trujillo,R401,2026-05-29T18:16:00Z,2026-05-29T19:22:00Z,47,11.0
895,Lima,R102,2026-05-29T13:39:00Z,2026-05-29T14:37:00Z,35,8.2
896,Arequipa,R301,2026-05-29T13:00:00Z,2026-05-29T13:58:00Z,14,12.1
897,Arequipa,R303,2026-05-29T17:15:00Z,2026-05-29T18:07:00Z,21,9.5
898,Cusco,R202,2026-05-29T16:10:00Z,2026-05-29T17:07:00Z,9,10.5
899,Trujillo,R401,2026-05-29T07:51:00Z,2026-05-29T08:12:00Z,17,11.0
900,Chiclayo,R502,2026-05-29T08:33:00Z,2026-05-29T09:31:00Z,11,12.8
901,Chiclayo,R501,2026-05-29T19:22:00Z,2026-05-29T20:16:00Z,37,9.3
902,Lima,R104,2026-05-29T17:15:00Z,2026-05-29T17:43:00Z,43,6.8
903,Lima,R104,2026-05-29T14:54:00Z,2026-05-29T15:40:00Z,28,6.8
904,Chiclayo,R502,2026-05-29T09:54:00Z,2026-05-29T11:05:00Z,35,12.8
905,Trujillo,R402,2026-05-29T16:03:00Z,2026-05-29T17:14:00Z,52,8.7
906,Chiclayo,R501,2026-05-29T13:15:00Z,2026-05-29T13:43:00Z,21,9.3
907,Arequipa,R301,2026-05-29T10:50:00Z,2026-05-29T11:48:00Z,39,12.1
908,Arequipa,,2026-05-29T18:06:00Z,2026-05-29T19:13:00Z,55,12.1
909,Lima,R101,2026-05-29T12:24:00Z,2026-05-29T13:25:00Z,18,11.4
910,Cusco,R202,2026-05-29T12:10:00Z,2026-05-29T12:36:00Z,14,10.5
911,Chiclayo,R502,2026-05-29T10:27:00Z,2026-05-29T11:41:00Z,39,12.8
912,Cusco,R203,2026-05-29T10:42:00Z,2026-05-29T11:45:00Z,30,18.2
913,Trujillo,R402,2026-05-29T09:03:00Z,2026-05-29T09:46:00Z,40,8.7
914,Cusco,R202,2026-05-29T15:51:00Z,2026-05-29T16:33:00Z,54,10.5
915,Arequipa,R303,2026-05-29T08:01:00Z,2026-05-29T09:08:00Z,19,9.5
916,Arequipa,R301,2026-05-29T09:39:00Z,2026-05-29T10:31:00Z,30,12.1
917,Chiclayo,R501,2026-05-29T08:44:00Z,2026-05-29T09:28:00Z,45,-1.0
918,Arequipa,R302,2026-05-29T16:14:00Z,2026-05-29T17:01:00Z,10,14.2
919,Arequipa,R302,2026-05-29T07:21:00Z,2026-05-29T08:19:00Z,7,14.2
920,Trujillo,R402,2026-05-29T18:08:00Z,2026-05-29T19:06:00Z,8,8.7
921,Arequipa,R303,2026-05-29T14:26:00Z,2026-05-29T15:14:00Z,5,9.5
922,Chiclayo,R502,2026-05-29T09:19:00Z,2026-05-29T09:41:00Z,55,12.8
923,Chiclayo,R501,2026-05-29T16:29:00Z,2026-05-29T16:59:00Z,48,-1.0
924,Lima,R102,2026-05-29T07:28:00Z,2026-05-29T08:05:00Z,54,8.2
925,Trujillo,,2026-05-29T16:00:00Z,2026-05-29T16:32:00Z,38,8.7
926,Lima,R101,2026-05-29T15:22:00Z,2026-05-29T16:00:00Z,51,11.4
927,Chiclayo,R502,2026-05-29T11:55:00Z,2026-05-29T13:07:00Z,22,12.8
928,Arequipa,R302,2026-05-29T12:53:00Z,2026-05-29T13:49:00Z,5,14.2
929,Trujillo,R401,2026-05-29T15:32:00Z,2026-05-29T15:56:00Z,37,11.0
930,Lima,R103,2026-05-29T15:10:00Z,2026-05-29T16:22:00Z,55,15.3
931,Trujillo,R402,2026-05-29T15:36:00Z,2026-05-29T16:26:00Z,54,8.7
932,Cusco,R202,2026-05-29T17:37:00Z,2026-05-29T18:26:00Z,42,10.5
933,Trujillo,R401,2026-05-29T10:24:00Z,2026-05-29T10:48:00Z,29,11.0
934,Arequipa,R303,2026-05-29T17:58:00Z,2026-05-29T18:32:00Z,56,9.5
935,Cusco,R203,2026-05-29T15:08:00Z,2026-05-29T15:28:00Z,49,18.2
936,Arequipa,R302,2026-05-29T07:35:00Z,2026-05-29T08:20:00Z,48,14.2
937,Cusco,R201,2026-05-29T15:27:00Z,2026-05-29T15:58:00Z,35,15.3
938,Arequipa,R303,2026-05-29T10:35:00Z,2026-05-29T11:06:00Z,52,9.5
939,Arequipa,R302,2026-05-29T18:34:00Z,2026-05-29T19:06:00Z,20,14.2
940,Cusco,R201,2026-05-29T09:54:00Z,2026-05-29T10:26:00Z,58,15.3
941,Chiclayo,R502,2026-05-29T08:39:00Z,2026-05-29T09:48:00Z,11,12.8
942,Lima,R104,2026-05-29T16:28:00Z,2026-05-29T16:48:00Z,53,6.8
943,Lima,R104,2026-05-29T12:20:00Z,2026-05-29T13:19:00Z,25,6.8
944,Chiclayo,R502,2026-05-29T14:22:00Z,2026-05-29T14:53:00Z,53,12.8
945,Cusco,R202,2026-05-29T09:47:00Z,2026-05-29T10:55:00Z,41,10.5
946,Chiclayo,R502,2026-05-29T14:09:00Z,2026-05-29T15:03:00Z,7,12.8
947,Trujillo,R401,2026-05-29T13:48:00Z,2026-05-29T14:15:00Z,49,11.0
948,Cusco,R203,2026-05-29T06:08:00Z,2026-05-29T06:28:00Z,48,18.2
949,Chiclayo,R501,2026-05-29T11:33:00Z,2026-05-29T12:16:00Z,44,9.3
950,Arequipa,R303,2026-05-29T10:29:00Z,2026-05-29T11:04:00Z,22,9.5
951,Chiclayo,R502,2026-05-29T12:14:00Z,2026-05-29T12:45:00Z,36,12.8
952,Trujillo,R402,2026-05-29T12:13:00Z,2026-05-29T13:27:00Z,30,8.7
953,Arequipa,R303,2026-05-29T08:14:00Z,2026-05-29T09:10:00Z,48,9.5
954,Lima,R103,2026-05-29T19:43:00Z,2026-05-29T20:18:00Z,40,15.3
955,Trujillo,R401,2026-05-29T08:29:00Z,2026-05-29T09:40:00Z,52,11.0
956,Lima,R102,2026-05-29T13:11:00Z,2026-05-29T14:02:00Z,13,8.2
957,Chiclayo,R502,2026-05-29T19:24:00Z,2026-05-29T20:15:00Z,24,12.8
958,Chiclayo,R501,2026-05-29T12:47:00Z,2026-05-29T13:13:00Z,49,9.3
959,Arequipa,R302,2026-05-29T14:07:00Z,2026-05-29T15:20:00Z,45,14.2
960,Cusco,R202,2026-05-29T12:09:00Z,2026-05-29T12:52:00Z,40,10.5
961,Cusco,R202,2026-05-29T06:20:00Z,2026-05-29T07:06:00Z,12,10.5
962,Chiclayo,R501,2026-05-29T15:50:00Z,2026-05-29T16:46:00Z,46,9.3
963,Arequipa,R302,2026-05-29T12:03:00Z,2026-05-29T12:43:00Z,48,14.2
964,Trujillo,R401,2026-05-29T12:30:00Z,2026-05-29T13:29:00Z,23,11.0
965,Arequipa,R301,2026-05-29T16:55:00Z,2026-05-29T18:06:00Z,26,12.1
966,Chiclayo,R502,2026-05-29T07:13:00Z,2026-05-29T07:38:00Z,15,12.8
967,Cusco,R202,2026-05-29T17:08:00Z,2026-05-29T17:46:00Z,50,10.5
968,Trujillo,R402,2026-05-29T13:35:00Z,2026-05-29T14:44:00Z,60,8.7
969,Chiclayo,R502,2026-05-29T13:03:00Z,2026-05-29T13:33:00Z,16,12.8
970,Arequipa,R303,2026-05-29T10:00:00Z,2026-05-29T11:02:00Z,21,9.5
971,Lima,R102,2026-05-29T08:50:00Z,2026-05-29T09:35:00Z,11,8.2
972,Trujillo,R401,2026-05-29T06:26:00Z,2026-05-29T07:35:00Z,30,11.0
973,Lima,R101,2026-05-29T10:28:00Z,2026-05-29T11:27:00Z,14,11.4
974,Trujillo,R402,2026-05-29T09:54:00Z,2026-05-29T10:29:00Z,52,8.7
975,Arequipa,,2026-05-29T14:59:00Z,2026-05-29T16:12:00Z,15,12.1
976,Cusco,R202,2026-05-29T14:07:00Z,2026-05-29T14:56:00Z,60,10.5
977,Cusco,R203,2026-05-29T13:35:00Z,2026-05-29T14:03:00Z,49,18.2
978,Chiclayo,R502,2026-05-29T16:46:00Z,2026-05-29T17:53:00Z,45,12.8
979,Trujillo,R402,2026-05-29T11:55:00Z,2026-05-29T12:45:00Z,39,8.7
980,Lima,R104,2026-05-29T11:15:00Z,2026-05-29T11:58:00Z,31,6.8
981,Cusco,R201,2026-05-29T06:00:00Z,2026-05-29T06:53:00Z,57,15.3
982,Arequipa,R302,2026-05-29T10:53:00Z,2026-05-29T11:43:00Z,-5,14.2
983,Trujillo,R402,2026-05-29T06:09:00Z,2026-05-29T07:18:00Z,32,8.7
984,Chiclayo,R501,2026-05-29T19:35:00Z,2026-05-29T19:55:00Z,40,9.3
985,Trujillo,R402,2026-05-29T12:44:00Z,2026-05-29T13:19:00Z,15,8.7
986,Trujillo,R402,2026-05-29T09:45:00Z,2026-05-29T10:21:00Z,10,8.7
987,Arequipa,R303,2026-05-29T19:02:00Z,2026-05-29T20:13:00Z,44,9.5
988,Cusco,R202,2026-05-29T17:04:00Z,2026-05-29T18:11:00Z,39,10.5
989,Trujillo,R401,2026-05-29T07:10:00Z,2026-05-29T07:41:00Z,13,11.0
990,Trujillo,R402,2026-05-29T10:38:00Z,2026-05-29T11:42:00Z,44,8.7
991,Cusco,R201,2026-05-29T08:35:00Z,2026-05-29T08:58:00Z,39,-1.0
992,Cusco,R202,2026-05-29T08:08:00Z,2026-05-29T09:13:00Z,33,10.5
993,Arequipa,R301,2026-05-29T08:34:00Z,2026-05-29T08:54:00Z,36,12.1
994,Trujillo,R402,2026-05-29T19:24:00Z,2026-05-29T20:35:00Z,36,8.7
995,Trujillo,R401,2026-05-29T11:38:00Z,2026-05-29T12:03:00Z,58,11.0
996,Arequipa,R301,2026-05-29T10:32:00Z,2026-05-29T11:41:00Z,30,12.1
997,Trujillo,R401,2026-05-29T09:16:00Z,2026-05-29T10:29:00Z,21,11.0
998,Lima,R101,2026-05-29T19:06:00Z,2026-05-29T20:11:00Z,20,11.4
999,Trujillo,R401,2026-05-29T18:35:00Z,2026-05-29T18:57:00Z,17,11.0
1000,Lima,R102,2026-05-29T14:04:00Z,2026-05-29T14:48:00Z,48,8.2
